ExitSpeed,VExitAngle,HExitAngle,Cluster
100.9082,5.010584,9.551639,3
91.70258,-6.70878,-9.473309,3
88.24097,-36.75451,-15.445,0
87.94392,0.9970229,15.14559,3
105.8001,-14.62774,20.57255,3
94.5599,-15.6388,23.56907,1
79.15784,6.180243,-15.84084,2
77.14472,1.196444,21.22529,2
76.61929,-24.89726,11.56195,0
73.55372,-0.1892136,-25.13841,2
85.67496,-35.30133,37.81017,1
98.39779,-14.80321,16.21073,3
89.90506,-19.22926,29.34635,1
78.43719,-20.9197,29.78534,1
94.23934,-8.938514,44.9097,1
69.63796,-6.287142,-9.665737,2
81.49873,-0.8128783,8.539303,2
93.2232,-32.86255,52.19598,1
77.6647,-5.633242,18.52549,2
104.8096,-0.1559849,9.163903,3
101.9103,-0.7513142,-10.55308,3
96.57912,2.844349,32.49837,3
84.73001,-9.811227,0.6237313,3
89.90032,-6.411751,15.17052,3
106.7186,-4.229983,-12.9178,3
106.1968,3.561392,-0.2657281,3
101.183,-3.864637,11.39304,3
58.42936,-25.91481,-0.7388856,0
89.69731,-3.469608,29.17381,1
91.45323,-1.417165,15.89311,3
102.4694,2.284379,-6.607308,3
92.56183,-16.77716,0.02031352,3
89.28066,-5.507555,18.94551,3
102.4237,-5.209628,34.24903,3
90.22289,-16.1342,13.67093,3
80.89384,-11.87109,2.571424,0
79.85257,-21.30116,2.314908,0
79.75085,-6.188501,43.67461,1
96.45804,-6.931098,18.72881,3
84.52818,-1.268542,12.1218,2
102.2432,3.108712,10.91351,3
66.83317,7.51669,13.04038,2
93.81165,-16.18447,15.72891,3
70.69096,-56.12609,-13.12934,0
67.39183,-7.429173,37.63003,1
88.8914,-3.010132,34.18373,1
103.3058,4.708378,6.253726,3
105.3642,-1.205203,-15.03915,3
85.48384,-23.06883,53.82007,1
100.0831,-14.03967,13.99778,3
96.85213,-16.50829,5.053214,3
95.96326,-8.261839,32.48724,1
87.34483,-16.98477,11.77185,0
96.71836,-22.0808,-9.797557,0
76.34863,7.551915,18.59713,2
89.0956,-31.1944,21.87097,0
85.81039,-24.60288,-36.15914,0
68.34593,9.434267,-2.202684,2
84.7161,-16.25017,2.743178,0
72.12187,-2.249875,-15.55378,2
72.78987,-29.44944,19.05976,0
96.92281,-0.7503107,25.90977,3
77.52409,8.75968,7.205426,2
85.53433,2.667039,37.23557,1
82.87411,-13.71565,40.70258,1
88.02554,-21.697,-4.293047,0
95.80079,-34.0074,57.15028,1
101.7021,-6.173999,6.886553,3
86.01019,-18.67134,40.64679,1
88.0127,-2.328961,17.41825,3
87.82968,-10.02651,45.89169,1
91.52071,-2.277598,6.417573,3
83.31666,-13.42937,11.79918,0
68.39346,2.862566,16.07086,2
96.86514,-7.231862,14.84515,3
99.22141,2.01915,23.92493,3
89.51327,-24.25629,53.33589,1
80.59061,-3.50299,25.1267,2
74.46863,2.120981,-7.571107,2
94.70532,-13.47487,11.72017,3
102.8981,-9.889359,20.49711,3
105.6962,-5.256782,18.088,3
71.05849,6.723745,-0.4967634,2
95.33414,8.312427,16.04932,3
85.46613,0.5106925,35.48507,1
67.3195,10.40593,2.377011,2
91.271,-13.92273,15.75804,3
92.17603,-0.1118017,39.00811,1
66.39108,-6.255814,-8.226016,2
104.7436,-9.324032,13.70041,3
90.04702,-5.102525,24.28553,3
81.15324,5.413975,5.65301,2
102.1217,6.479656,17.54754,3
104.4432,-16.19398,5.782669,3
82.38698,-17.86448,17.71991,0
86.8691,-2.726344,5.054068,3
76.06622,-1.379395,10.13643,2
104.7212,-4.093173,2.481735,3
90.62665,-1.118896,-7.079837,3
92.08453,-14.09456,42.80132,1
53.7824,-15.57211,-27.21405,0
106.9514,-9.372169,16.08436,3
105.6003,-15.84452,2.084483,3
93.99442,-0.8091967,11.20992,3
100.1587,-7.757419,26.22515,3
79.92929,-41.07374,9.723956,0
94.75838,-8.939301,-13.42255,3
78.0716,-12.75432,36.69952,1
91.67226,-3.798451,7.940209,3
59.91304,0.05307246,12.3544,2
98.16793,0.602717,38.98327,1
72.2791,5.068839,41.10216,2
102.3243,-4.257749,6.765368,3
102.9271,-6.166795,-1.672433,3
105.6255,2.39491,-6.100017,3
100.23,-5.894943,15.45795,3
95.99905,4.432563,19.40632,3
77.12038,-8.108395,7.514151,2
104.4751,-12.82583,21.2317,3
101.2928,0.04987195,18.53694,3
96.25121,-13.52212,47.71211,1
111.2989,2.542433,7.93374,3
95.26695,-4.749046,37.98222,1
97.48127,0.906027,-3.289411,3
96.35087,-11.9214,44.00109,1
61.35838,-47.26106,-7.744768,0
76.77167,-0.6894121,35.32025,1
105.7398,-17.42096,19.13975,3
88.52213,-6.057747,34.70514,1
93.51665,-1.858409,39.57943,1
75.96794,7.251793,11.57467,2
73.51353,-15.82795,3.048337,0
97.66232,-10.11235,4.636858,3
72.97476,-31.08599,-6.556668,0
104.1351,4.04056,16.26475,3
81.9141,-52.12152,13.44851,0
64.35865,13.67111,6.503353,2
80.99551,4.293509,25.69591,2
85.39157,-5.682048,18.202,3
85.40134,-23.7948,15.20843,0
72.37069,-21.37692,-4.329103,0
90.92434,-15.13678,16.8296,3
77.46268,-31.01628,0.5181109,0
89.73499,2.875524,17.78993,3
101.2776,3.408834,11.69738,3
74.36565,9.816095,7.404612,2
74.5742,-20.8692,21.10846,0
73.72039,-20.20278,4.168555,0
67.22988,3.804374,5.763005,2
88.44607,-14.95149,34.61387,1
98.23071,-1.142089,27.12992,3
100.5481,3.971009,24.03468,3
64.26113,13.65444,-1.653153,2
97.09732,-22.73493,9.12213,3
102.1056,-18.42855,10.48901,3
71.99783,-20.01443,22.95155,0
83.0373,6.407465,-9.669713,2
102.817,-1.132018,-1.572558,3
94.81825,-17.32706,30.24415,1
92.75525,-7.362525,-9.022445,3
92.72859,-25.71659,-1.939864,0
101.624,-14.94743,29.31623,1
98.28426,-29.55824,5.063354,0
103.1309,4.912039,19.0157,3
83.87617,-2.143999,40.16317,1
94.59229,-24.53373,-19.90784,0
102.58,-4.537456,17.30919,3
103.4305,-6.924072,12.27698,3
97.8596,0.7618998,36.72147,1
68.178,-16.23918,7.023139,0
79.74303,-4.407892,35.68946,1
71.23486,-53.9665,31.83828,0
83.3169,-3.405694,41.10205,1
93.26566,-26.56709,-0.3287527,0
105.0807,-12.70752,30.34362,3
96.75658,-1.942907,16.42831,3
81.66475,-11.49356,24.91151,1
95.42233,-8.832107,39.66343,1
106.5334,-26.63338,-1.948417,3
107.0041,0.9977554,19.6768,3
93.37069,-12.61239,26.28693,1
86.06604,-3.887594,39.42393,1
74.14759,8.451628,26.3089,2
79.77267,-0.3946027,-0.9399658,2
80.83001,-1.514991,2.05357,2
96.33788,-11.0289,41.33498,1
84.61958,8.93275,16.35931,2
71.45992,6.7393,-1.382174,2
69.50259,-22.3852,-24.73286,0
99.81105,3.318425,-2.075697,3
108.6671,-1.587141,18.49101,3
91.3316,-4.293454,-0.9249405,3
90.49766,-19.97662,48.62066,1
78.24747,4.911492,6.45708,2
79.78571,-9.317186,41.79498,1
97.65718,-5.127297,22.29894,3
87.67743,-30.24164,52.1658,1
83.58565,-8.081335,38.62904,1
97.96507,-4.891613,17.87716,3
85.84222,3.672858,-0.6907994,2
83.59741,-7.776999,-6.092969,2
79.40993,-13.87313,1.400165,0
89.82092,-28.03567,47.46159,1
75.60608,2.22082,19.37471,2
65.01407,-22.56284,2.105151,0
102.0781,-11.26267,27.54815,3
62.16448,6.113028,9.06992,2
100.8006,-14.94268,22.42785,3
102.0676,-19.22909,15.50243,3
87.17933,-33.4918,45.64091,1
82.74013,-9.64585,13.2447,2
85.97835,-14.73486,3.960125,0
99.625,-21.03906,-4.596443,3
88.55412,-18.06528,-3.925381,0
90.74873,6.414342,12.29862,3
93.40306,6.037673,15.90758,3
104.0824,-4.88944,9.941444,3
87.76988,-17.88074,-0.4214014,0
89.42672,6.137784,11.95226,3
75.46082,-3.094599,1.30142,2
61.80219,13.56225,18.33517,2
85.78194,-10.63631,8.057424,3
78.24943,-11.37759,14.12791,2
96.06415,-1.090746,17.85576,3
87.78789,-7.112731,-1.87727,3
96.99856,-23.52867,23.39895,1
89.55902,-1.976496,19.81619,3
91.40002,2.58108,10.79051,3
58.849,-60.00167,35.54131,0
93.02082,5.158878,33.51723,3
102.2264,-14.92005,-22.4605,3
100.5291,-6.949957,-10.54169,3
92.90886,-23.81613,44.52756,1
92.96119,-13.11903,29.17052,1
102.6347,-3.685696,-7.017145,3
96.21296,-3.030884,38.81422,1
99.4114,-5.748628,-4.181529,3
104.3104,3.047621,21.75611,3
63.32339,-40.54371,1.433937,0
80.1776,-14.86726,12.49955,0
60.16362,71.11703,34.03903,2
106.7977,-20.37966,19.96783,3
65.81256,-5.699458,1.941528,2
101.7312,-18.1166,7.534849,3
93.56701,-12.05938,22.67199,1
102.4982,-6.723886,17.85707,3
70.03608,0.2927637,18.10335,2
97.46731,-15.22054,10.65803,3
54.11505,23.32023,12.83714,2
102.8757,-1.117544,10.40175,3
71.68031,-5.862026,16.91543,2
108.8514,-11.22483,16.39344,3
103.0097,-2.333963,28.43774,3
72.14478,8.47451,-3.832311,2
97.12107,-14.87656,1.183553,3
104.1151,5.481714,9.842247,3
102.8899,4.951881,23.21296,3
78.27407,-7.443841,18.91719,2
96.19747,-2.391186,16.98751,3
70.90539,-19.18469,5.134347,0
96.40033,7.399978,9.848091,3
101.6807,5.349297,20.76859,3
81.3024,-6.425949,29.31079,1
99.30919,-15.22792,3.00089,3
79.9061,-15.72323,26.39318,1
96.42676,-4.021675,22.42225,3
85.67374,-14.81286,9.754478,0
93.9184,-23.56532,33.77287,1
68.13245,-17.64147,5.605649,0
94.92014,-30.13439,13.09835,0
73.11552,-1.440486,38.9663,1
97.58416,-23.06714,21.59018,1
92.31429,-18.31683,20.32636,1
90.48367,7.832207,16.25184,3
95.11343,-1.697206,18.5204,3
93.5957,-1.272722,-24.56931,3
90.63084,0.1485254,-5.267024,3
84.1481,-0.20858,11.3081,2
89.85474,-12.08911,17.66045,3
71.66483,4.63622,9.399295,2
79.69524,-7.619746,5.36746,2
85.13524,-26.16573,-1.91755,0
85.22137,-5.581607,7.429799,2
105.2044,-8.69033,0.5804471,3
74.96657,-6.468992,12.59074,2
92.97534,5.833235,21.3902,3
79.71667,-7.692347,46.24984,1
77.01521,-15.80718,41.67737,1
93.78758,3.251781,24.88607,3
78.40285,-9.886482,16.16273,2
85.1431,-6.830188,29.48815,1
99.80952,2.686172,7.906585,3
74.84846,-10.93535,42.88334,1
102.0823,0.4739338,-1.737029,3
70.9214,-12.17784,5.790079,2
98.9724,-11.12216,13.21116,3
89.91693,-8.165384,45.31659,1
93.78056,-12.70194,49.16323,1
91.25767,4.068967,-12.29002,3
69.85383,1.560186,35.71849,2
76.17854,-7.542017,-15.83196,2
101.5466,-12.98693,-2.044652,3
101.7733,-14.86587,-5.658607,3
85.1082,5.169523,10.29137,2
100.6398,-15.81861,-12.37789,3
99.48177,-7.792523,15.14715,3
76.50243,-12.2484,49.95947,1
80.57069,4.462492,-5.388846,2
92.01656,-11.87555,16.01768,3
100.1271,1.643255,35.19946,3
81.48191,-1.257588,31.29304,1
93.6432,-13.14289,-9.843317,3
57.1394,-16.97169,-28.6049,0
98.90063,4.484812,15.43393,3
91.74129,1.790855,20.30836,3
64.8049,6.075498,13.58492,2
83.6701,-10.03839,9.79004,2
101.2044,-33.18582,29.2397,1
97.25687,0.6384257,19.44981,3
79.84588,-8.121424,22.93421,1
79.9465,1.844443,10.03159,2
93.58942,-2.12988,-24.26361,3
93.88162,3.93913,5.037961,3
92.29113,-8.94488,37.27082,1
95.00915,-20.88865,-27.71194,0
87.99852,-19.17031,19.84001,1
75.04961,-1.543213,38.06584,1
84.27507,-2.788312,16.93661,2
99.23899,6.210031,-8.779876,3
97.26606,-5.361238,18.411,3
103.4198,-21.07396,8.72108,3
95.79214,-5.742728,16.07211,3
96.88378,-10.97203,25.53195,3
81.7336,-0.9336954,-3.366842,2
81.5076,-24.35504,-2.299299,0
69.76952,3.20751,11.19614,2
38.34554,-18.18241,8.074419,0
86.62344,-18.24865,44.75391,1
69.42633,-4.689231,-1.800045,2
79.11337,-15.93641,0.259121,0
85.13264,-1.008727,10.18354,2
98.25491,-13.76944,-4.908906,3
100.5776,-5.404713,12.63086,3
98.92145,-4.117795,-11.11984,3
81.84451,-5.098876,8.67232,2
92.13758,-1.845535,19.58014,3
76.77289,-5.051984,28.31367,1
95.50316,-8.47516,40.27156,1
95.2249,-14.08581,1.728092,3
85.38568,-7.543718,0.8987726,3
89.43056,-23.4388,43.65727,1
94.23468,-1.521019,3.846387,3
92.60246,-18.86165,14.55486,3
87.22688,1.644129,3.000758,2
52.70489,-12.68789,-3.148827,2
61.08552,-29.52383,-20.25149,0
67.46613,-22.87082,-6.21398,0
99.82193,-17.7547,13.83842,3
102.0681,1.220667,22.30201,3
105.8245,-5.940018,17.51099,3
90.05492,4.644541,-9.444654,3
93.8835,-13.7701,28.0946,1
79.34138,4.358656,41.485,1
99.46806,3.593752,20.73892,3
96.42169,-17.72038,3.279915,3
107.3841,-2.229064,-8.460195,3
67.07648,6.36303,-8.244232,2
94.98611,0.6713082,-4.328233,3
98.19181,7.18873,10.57233,3
74.8203,6.926432,9.416241,2
101.8046,-7.747891,26.70529,3
73.89395,-3.505478,2.850588,2
101.0263,-3.430179,4.317205,3
102.5861,-11.67869,-4.352705,3
83.19052,-23.0197,9.380355,0
98.59732,6.502377,30.26571,3
94.88663,-11.27026,41.81017,1
88.94723,1.8165,40.49504,1
89.96368,7.691652,17.27586,3
110.1376,-7.983575,11.1802,3
94.30608,-16.75764,24.02551,1
78.71402,-17.35621,42.78049,1
92.28939,-27.04435,11.61153,0
81.59843,-3.457177,-4.518816,2
22.98871,48.39404,11.23252,2
97.50951,6.771284,7.820195,3
83.64304,3.499395,-10.0272,2
81.13766,4.957644,11.27487,2
96.84682,-23.1439,-25.95001,0
86.51682,8.265174,12.60803,2
99.58939,-15.74032,-12.68849,3
100.342,-2.621789,7.216615,3
73.36123,3.72902,9.430346,2
81.21511,-5.408511,42.64425,1
53.60781,-22.93594,2.771478,0
92.05119,-16.4702,-7.525097,0
95.28281,6.473406,-7.960623,3
103.1026,-6.108408,26.3912,3
89.48472,3.164617,2.591778,3
93.99289,-16.70388,18.69138,3
93.59644,-6.312886,34.81116,1
102.844,-6.817774,-3.853469,3
104.4624,5.752706,20.68219,3
90.46092,-31.27262,9.387065,0
107.8819,0.5677722,17.4027,3
99.45509,-7.863831,6.249084,3
99.26568,2.275172,9.993342,3
100.5621,-10.29457,45.00662,1
88.41247,-10.21894,7.60921,3
73.7822,-0.3362306,14.3334,2
88.48227,2.429587,8.129508,3
75.47188,0.4015699,-0.8110899,2
82.9368,-11.56193,45.16516,1
66.58791,-20.13585,8.238565,0
88.14795,-6.176006,7.319373,3
98.99887,-14.86678,21.29545,3
107.3729,-1.963525,9.703411,3
71.21785,4.229045,-13.35821,2
101.4051,-15.88606,9.456307,3
95.47573,-18.28129,10.31456,3
73.38738,-5.076371,-7.072502,2
96.76228,-8.815402,39.39767,1
102.5619,-7.712371,15.73475,3
89.27,-12.02662,2.900856,3
103.6831,7.221083,25.28358,3
66.44736,-11.15889,48.85136,1
89.67274,5.205411,6.097099,3
90.50555,-29.57071,-2.019946,0
100.8776,4.776845,9.518123,3
103.9027,-8.01217,9.604573,3
97.26846,-14.04795,44.21481,1
68.84325,-32.12502,0.1010628,0
100.3816,-6.703104,22.28246,3
79.80312,-2.886232,12.65696,2
103.29,0.1130635,21.09716,3
102.2157,-11.54716,46.85089,1
89.68401,3.238677,23.88802,3
91.8063,-29.8234,41.57046,1
103.5819,-25.57798,17.03409,3
92.35556,-3.200864,43.54531,1
100.6835,-18.67618,-3.60665,3
74.60449,1.498389,-24.70255,2
70.73533,-5.875976,3.297986,2
90.89075,-18.87699,12.13948,0
88.52094,-22.40089,-4.267639,0
98.45145,-1.442576,26.77048,3
87.02999,2.247403,1.421651,2
89.76332,-15.742,40.21808,1
78.43878,1.548706,10.41477,2
80.01092,9.339833,-2.026641,2
84.06691,5.852058,20.87395,2
98.48461,-18.06116,4.586968,3
91.23,-12.45842,-16.76122,3
94.57504,-1.181473,36.17532,1
77.86823,-4.170473,30.80081,1
84.07761,6.157668,-2.7455,2
93.80453,1.01411,0.8534669,3
105.2089,2.77805,-5.62945,3
93.30194,-13.42436,15.79208,3
75.92743,-3.623178,5.078542,2
99.36755,-18.04772,17.56917,3
104.6283,-6.997528,-4.479116,3
97.96461,-13.21887,13.42987,3
94.88004,-21.32852,53.14025,1
88.0107,-7.19226,21.62783,1
74.36702,-2.270808,17.29237,2
83.28645,5.99662,3.903088,2
69.17756,-14.89026,-2.308596,0
92.21116,-16.00785,52.41778,1
109.8587,-30.76098,9.4953,3
102.0842,6.645794,-15.38109,3
93.13866,-9.8838,8.539443,3
103.8938,3.779291,-3.501239,3
91.52162,-11.42385,7.403509,3
73.78906,-21.38592,0.4929022,0
76.48145,-15.19259,52.06326,1
91.76251,-9.661548,-0.6273338,3
96.15987,-17.57203,-4.645795,3
100.7616,-10.00182,13.41257,3
93.1759,-3.311448,7.898221,3
72.18816,10.35923,11.39881,2
96.40794,-19.38429,40.78699,1
102.8401,6.020836,8.645999,3
97.85778,-5.631837,20.14032,3
100.0289,-16.00043,5.949578,3
85.8156,-17.90018,-0.3251692,0
76.57418,-5.074774,45.4451,1
61.0294,5.064844,-5.043548,2
88.16034,-1.586034,-28.65241,2
72.65124,-27.07985,2.892285,0
101.3116,-1.149789,38.86406,1
103.5622,1.973532,-4.808707,3
98.12341,-5.584059,25.18432,3
99.70905,-23.70212,13.8819,3
78.99715,-4.928786,35.30121,1
99.87895,-16.56982,-6.42428,3
92.36147,6.329186,-4.225323,3
93.57819,-6.538626,38.29525,1
103.3605,-10.91508,17.8452,3
100.1084,-10.75619,29.63563,1
100.5599,-17.8568,29.34161,1
82.75849,-24.80721,-9.964122,0
92.58925,-12.18586,12.02269,3
81.91077,-13.82913,42.93085,1
108.8598,2.819251,24.44638,3
83.64163,-4.300138,20.62811,2
70.63204,-15.45546,7.39712,0
80.237,3.339657,28.27911,2
95.70301,-4.26314,14.08274,3
100.043,-17.42874,17.21373,3
101.8376,-21.62666,13.97737,3
85.37029,-11.74597,-7.847672,0
96.8505,4.249827,-3.877723,3
98.84808,5.616367,1.795373,3
80.09824,5.492321,-1.724772,2
95.54488,-9.009275,-23.54359,3
83.13284,-22.12156,33.18997,1
98.19587,-11.66061,3.444715,3
94.88922,-1.963965,38.73163,1
106.1084,-14.95065,-8.052692,3
44.0938,18.38314,9.189659,2
97.10542,-27.14764,3.481663,0
89.55235,-13.49601,35.51257,1
94.65489,-6.325153,39.10815,1
103.6088,5.401425,20.04216,3
95.15453,-1.767993,19.47104,3
91.29359,3.651553,16.7588,3
80.30708,-33.51385,4.230114,0
71.0015,-10.80533,-3.106069,2
109.87,-17.00604,26.123,3
96.11039,-33.01822,-5.974658,0
105.8682,7.943408,11.43461,3
86.33834,-7.570951,19.58286,3
88.11701,-12.47818,47.83204,1
97.31268,-10.80258,27.60642,1
74.78311,-29.01719,17.34468,0
77.52678,-5.471146,-23.97561,2
97.88935,-16.09232,10.88392,3
92.22308,-13.62125,46.79966,1
77.50353,-26.97079,6.111277,0
96.50515,-12.94535,22.60095,3
107.0648,4.500573,-6.992905,3
92.75221,-14.24032,43.27066,1
103.0759,5.26303,14.80359,3
76.6972,6.252729,6.390844,2
85.45744,-13.46459,25.51764,1
101.6575,-5.278938,-9.40806,3
98.59864,-16.27408,21.86956,3
54.43584,-44.11394,27.51529,0
68.16756,-28.07504,10.78985,0
104.0994,-26.94036,-10.41987,0
85.82034,-20.73708,-33.4383,0
103.0567,-8.969049,29.93863,3
91.44713,-20.74323,13.74228,0
94.73843,-20.92399,15.59087,3
104.6368,2.299401,12.02934,3
82.97695,-3.648777,19.92447,2
102.1813,-5.932445,-0.6139222,3
98.38767,-3.903945,-4.679542,3
100.0798,-8.17698,9.675224,3
62.56554,-9.635526,39.96328,1
103.4756,0.3864664,4.517983,3
102.7191,1.410202,9.427802,3
89.65971,-17.51269,-11.35472,0
88.86814,-17.77571,22.1616,1
79.78146,-9.751733,46.08845,1
76.86446,-19.61069,19.82163,0
99.91634,-12.47054,10.02091,3
76.11045,7.969485,13.62292,2
76.04095,6.677639,3.827542,2
88.25316,-19.21483,-19.01672,0
100.0004,-34.90903,-5.376198,0
99.51089,-8.325078,19.87189,3
79.68168,-27.62416,-0.5387919,0
92.74799,-33.40454,18.67322,0
93.61353,-11.31385,41.35892,1
101.8508,4.493427,26.81522,3
68.97836,-3.509014,-23.49784,2
108.4306,-1.969912,14.12314,3
98.54035,-20.47548,2.905884,3
72.38332,-8.673745,-8.22664,2
79.26392,4.750442,5.03648,2
105.0608,-4.753499,14.591,3
28.99477,-73.94504,-144.1763,0
99.16232,2.37856,15.1058,3
62.27194,-54.58105,36.23208,0
96.56702,1.132423,19.71881,3
84.34697,1.553179,-0.3626267,2
93.06715,3.79678,19.28215,3
75.55879,8.308194,9.77254,2
103.3336,0.5201207,19.33218,3
96.59037,-14.54468,29.00561,1
93.43188,-8.426058,13.38821,3
104.0699,-14.64378,6.193059,3
68.29893,-16.97751,41.14803,1
64.27658,7.833237,10.59911,2
98.40668,-16.14708,-0.3682897,3
97.02576,3.371889,6.11652,3
64.18878,-5.623106,1.459195,2
83.31171,-12.32801,23.94352,1
101.1831,-14.38003,15.12229,3
93.44571,-3.377223,27.03072,3
79.14505,-35.4052,-0.4828829,0
105.3318,3.33259,13.38583,3
99.28545,-3.192559,7.266702,3
94.47163,-4.015763,-2.291768,3
74.73637,-28.77222,-0.1303177,0
98.20197,-11.49213,6.755563,3
78.09779,-5.403683,11.80383,2
108.045,-2.767764,16.27184,3
88.07443,1.000994,22.82978,3
59.69346,5.242032,39.6447,2
96.44759,-8.011215,14.33763,3
100.5243,-1.258569,-6.751853,3
78.3183,0.7247212,-26.43406,2
81.55099,0.05375555,16.35008,2
87.74158,-9.098207,12.03123,3
76.737,1.277815,-4.203131,2
48.04529,-19.14119,-50.12978,0
99.92936,-8.904468,3.306837,3
88.63419,-27.76179,11.02644,0
85.72407,-5.174537,10.21367,3
90.31692,-1.131205,12.14086,3
96.51455,7.087012,23.06978,3
98.32468,-13.86381,11.781,3
81.4716,-13.36942,-3.016726,0
77.91299,5.170648,0.2220846,2
61.37288,-18.40137,-4.379247,0
100.7274,1.839438,19.51879,3
81.8567,-12.36174,12.03275,0
107.0192,-15.10017,45.53139,1
95.55479,-24.57561,-6.78289,0
102.7478,-30.86455,45.16707,1
63.76051,-26.93246,-26.99479,0
92.9424,-0.6873015,-24.77235,3
105.4538,-11.20238,20.48277,3
94.36781,-20.58392,25.02901,1
98.32843,3.76281,1.109191,3
76.76793,-5.231164,9.922603,2
90.04546,-15.11449,46.61595,1
99.30159,-15.35121,5.498049,3
38.05633,-18.53962,-8.464141,0
103.3349,-3.726042,25.31635,3
98.66937,2.792717,-7.279166,3
72.07346,-7.517199,31.96246,1
84.34145,-22.9408,49.0277,1
95.54215,1.554728,-12.20264,3
79.03509,-5.216048,-8.23668,2
95.6767,-0.7372308,12.34599,3
100.2086,-0.3845927,19.0341,3
104.2355,-15.1255,8.634845,3
66.27761,-8.142182,20.98685,2
78.83832,6.517212,24.26062,2
80.73647,-22.53638,23.65668,1
86.99066,-11.86473,8.434371,3
81.78894,-17.91114,31.62681,1
96.15912,-3.467518,16.8364,3
89.99509,-7.162019,38.80376,1
94.7179,-2.75333,40.74527,1
73.53036,-42.47182,-24.73603,0
100.4117,-33.17514,13.15044,0
102.4133,3.751253,14.12519,3
95.42278,0.8717709,-7.201828,3
97.98207,0.8608165,-9.939584,3
78.04434,0.371336,1.988186,2
92.57006,-6.307855,23.57997,3
106.3221,5.982322,15.81203,3
97.86141,-17.84081,22.67626,1
84.18551,1.022417,-11.49657,2
93.0678,3.404872,-6.914196,3
101.7292,-5.165473,20.28615,3
72.763,-6.979408,-3.46771,2
104.83,-7.212605,-8.863969,3
93.60609,5.620308,11.43397,3
70.8567,-3.599595,8.076787,2
102.4131,-21.0393,26.67028,1
101.3117,1.164775,20.82911,3
92.15699,-4.410787,19.97858,3
75.86359,-3.45593,17.48977,2
78.77033,-30.91113,-1.703902,0
97.57579,0.3565536,21.15739,3
95.51553,-10.13035,2.011074,3
104.4796,-11.17144,35.4252,1
56.31037,-22.54191,-21.56031,0
87.71152,-10.49391,28.93376,1
90.21123,8.423996,-9.967545,2
91.28064,-33.60076,34.09648,1
104.3077,3.181749,7.061197,3
70.16364,-12.0804,19.08569,2
103.9102,-6.019577,10.09848,3
93.87177,-3.413908,24.98849,3
70.81909,-47.24418,-16.52989,0
81.98711,-7.689923,13.94423,2
89.68964,-4.88024,7.606599,3
99.91293,3.171292,-7.035442,3
99.60697,1.737814,-5.117657,3
106.4406,-4.915143,38.42069,3
103.8606,0.7561409,25.6971,3
83.67403,-11.39513,-5.023276,0
73.94558,-2.093231,-17.00778,2
91.49909,-21.92191,12.61526,0
78.95452,-1.052724,24.29194,2
90.28239,-19.42125,37.78379,1
94.02437,-0.748566,17.20555,3
76.97855,8.116494,20.45995,2
95.73901,-19.20357,15.41416,3
103.5098,-29.81178,19.97516,1
100.356,-1.265006,-9.432769,3
96.84032,-22.52618,35.33554,1
86.14919,0.7046643,38.98624,1
99.97053,-18.64827,1.909045,3
91.77796,-16.47771,11.01869,3
71.78661,4.929852,16.86865,2
89.86185,-20.57913,35.56398,1
102.8722,-10.31491,39.68608,1
103.8467,-2.556698,6.840874,3
90.05694,4.224075,7.885006,3
98.47885,-6.983834,-24.08238,3
111.1591,3.022145,1.270855,3
88.08322,-8.022425,21.11521,1
78.73027,-6.335721,8.970557,2
70.95815,-13.67066,34.87361,1
93.52619,-3.615534,1.538289,3
66.22222,-26.05007,-0.3882511,0
83.36712,-2.786576,27.20128,1
100.4364,1.523374,13.76704,3
102.1604,1.258998,7.200637,3
78.40274,5.092179,-0.3508059,2
89.26652,0.9922156,2.985691,3
91.04449,-7.232405,23.38724,3
94.22037,-13.00521,22.77236,1
65.18012,3.40602,8.539249,2
88.24866,-8.049775,5.788273,3
102.7053,-12.53774,-1.792631,3
72.98567,1.648507,11.00634,2
96.20612,-3.054558,-9.618953,3
88.25597,-1.947019,31.43709,1
84.45953,-18.204,43.41265,1
92.20993,-7.643399,21.27716,3
96.37073,-11.63746,-0.3031432,3
88.66801,2.605822,-16.34359,2
48.90716,12.69351,41.14157,2
100.5341,0.3670597,21.96042,3
99.2642,6.179054,15.71882,3
102.8743,-5.010371,22.29063,3
92.09718,-1.870585,21.56001,3
101.3496,0.6370014,24.80427,3
111.6243,0.4897797,-0.6792967,3
89.89505,-0.266692,-27.27858,3
70.57976,5.02671,11.29622,2
80.11378,-25.35733,-15.77595,0
64.42444,-4.248565,1.875946,2
99.36687,-1.064966,33.2897,3
97.84341,-16.4229,43.80006,1
98.44372,-13.01351,16.05366,3
58.11916,16.41808,1.575065,2
67.5626,1.363232,10.55188,2
93.85377,2.935932,-2.857217,3
98.51434,-0.9292529,24.87953,3
82.606,4.354602,8.343255,2
96.54039,-3.277224,17.39329,3
79.54879,-16.8782,37.98511,1
78.81052,-13.12407,45.70272,1
72.99671,-20.52892,43.41785,1
90.95243,-14.12914,43.88713,1
90.41577,-25.6841,21.79197,1
90.58181,2.326376,17.21114,3
107.7752,2.75682,-2.897458,3
110.8196,-9.181683,6.726788,3
78.39389,4.844409,4.181824,2
100.5369,-10.79738,19.61629,3
78.78838,1.108849,6.902387,2
72.44521,4.01616,-0.3819688,2
104.2895,-6.393656,17.35496,3
89.11423,-14.99225,47.49089,1
76.12512,10.56148,-6.67274,2
39.72818,-65.28438,150.0028,1
67.10681,-32.13287,49.1755,1
89.38565,-22.44687,6.120915,0
95.81356,-10.84658,12.38924,3
105.4113,-8.391751,21.57199,3
106.4328,1.104463,14.52489,3
104.2528,0.8207541,-2.038501,3
56.7599,-33.8079,64.98214,1
64.26308,10.41222,16.81319,2
98.58333,-4.472633,15.42747,3
93.45787,-2.047947,14.5463,3
92.73283,-12.37346,22.67879,1
102.1151,-0.08052734,-12.98081,3
77.27266,-11.82675,48.93425,1
75.37272,-61.10969,15.93145,0
88.00474,-5.775112,14.39206,3
106.1542,-18.66277,46.36269,1
91.76463,-0.364115,-22.06544,3
82.23431,-13.2023,13.02695,0
95.53884,6.696321,21.13237,3
95.85609,-17.63914,-2.370725,3
97.17927,-11.38554,3.335318,3
105.5854,-23.66353,23.09851,1
99.73859,-24.33529,19.07544,1
78.24704,-5.495351,-0.9711906,2
99.72723,-8.327513,2.443011,3
94.64999,4.955364,22.60664,3
89.91479,5.512359,-1.636725,3
72.5615,-35.92783,-1.027253,0
43.38403,-42.67296,11.6006,0
87.01142,-11.30484,24.83499,1
84.2695,-5.855184,-8.37275,2
95.33709,-28.43898,-12.76696,0
78.08365,-39.05927,-41.61129,0
91.03734,-15.21112,-2.399903,3
87.3723,-30.31754,59.76829,1
103.4433,-22.27329,27.60684,1
88.41611,-13.60959,-4.186134,3
107.6163,-3.213114,26.75229,3
94.35147,2.202385,-4.379203,3
85.56686,-23.40438,49.33181,1
104.1579,-26.83665,6.135137,3
105.2662,-22.98545,39.24659,1
99.86477,-6.634799,43.85555,1
83.59894,8.677783,23.46784,2
73.02897,5.472852,-11.0648,2
83.67885,-3.318698,40.08365,1
104.6383,-2.935037,3.319402,3
98.92036,-11.70309,41.02744,1
101.7407,1.45945,18.32487,3
102.7766,-15.63582,8.60229,3
74.58163,2.197868,38.4103,2
47.46646,-1.432296,-2.832124,2
66.74206,8.78838,-4.386168,2
87.80969,-5.694104,15.80317,3
103.4477,-5.075941,25.93209,3
78.04739,9.502664,16.41608,2
84.36568,-3.822886,-1.198033,2
58.60252,2.987319,4.559834,2
53.37852,16.36115,9.576926,2
77.35516,8.641787,-8.560099,2
64.46875,7.242475,25.54781,2
88.70107,-8.71277,5.659901,3
100.8235,-1.488484,-3.485959,3
103.1052,-10.83491,19.2741,3
84.21659,6.065478,-19.78683,2
85.35509,-4.0833,-34.91401,2
68.96247,-38.4143,22.59216,0
101.0145,-10.38039,35.23336,1
83.0307,-22.11729,22.16026,1
73.67176,-15.6262,-25.56899,0
73.16885,-13.67419,11.41279,0
84.32792,-13.35184,18.20251,1
108.0092,-12.19007,10.6442,3
100.3988,-21.46485,-1.785868,3
94.04053,-2.781995,18.68119,3
99.95979,-6.913686,-9.74132,3
99.74104,-15.98233,2.418556,3
63.16027,-25.72457,-2.092597,0
77.89724,-23.54165,43.49686,1
84.16202,-18.40544,51.67837,1
99.02163,-3.746986,-3.46173,3
90.81997,-10.44175,11.01523,3
84.41721,-4.660482,8.709779,2
73.47556,-2.472653,4.966676,2
72.42484,-14.57917,9.156511,0
89.98328,-5.93345,1.186502,3
75.54889,-13.25392,-7.295606,0
99.71685,-7.93779,2.764091,3
104.2444,-4.131455,7.895224,3
100.9534,-4.767199,13.8251,3
80.45342,7.333596,-1.909591,2
90.47771,-4.702796,42.34869,1
105.86,-0.184143,9.510649,3
96.49396,-13.12538,23.26778,3
101.4704,-13.05311,8.883661,3
98.81687,5.716608,12.63969,3
84.24165,-18.24449,49.07399,1
89.22884,-14.61718,30.76181,1
82.89957,-7.316753,1.449882,2
94.24869,-27.47721,46.71597,1
58.07237,-16.7404,1.43625,0
106.0767,-3.919398,-12.37492,3
84.72061,6.728827,8.861276,2
93.63385,-0.7317773,22.05081,3
82.10198,-2.782675,15.04489,2
101.7274,-1.012304,-13.9077,3
103.924,-5.600454,10.28423,3
86.97418,-12.53459,42.53607,1
80.72514,-18.62317,18.81183,0
86.26463,-6.983468,-16.55468,3
110.4786,1.483065,-8.284004,3
85.76199,1.55534,14.58146,2
96.67934,4.14684,15.14998,3
94.86085,-4.621399,21.49693,3
83.11166,-19.08709,9.449026,0
101.3883,-4.59004,36.92262,1
92.45065,-10.54925,22.89452,1
98.3978,-12.37197,5.208519,3
101.5836,-18.79901,-6.606622,3
78.73103,-16.07567,-10.83986,0
88.39126,3.637111,2.501772,2
90.11301,-3.515285,7.951909,3
96.7731,-8.76083,1.386969,3
74.73888,-20.58838,39.96927,1
86.30672,-18.57996,10.33453,0
92.02068,-7.071862,6.131678,3
104.9175,-23.38592,-12.33141,3
87.64301,-6.281101,8.693185,3
102.3503,-2.336995,-18.51439,3
97.96627,3.632852,21.15711,3
78.22939,3.014547,35.03714,2
76.56203,-16.90299,34.14256,1
96.33131,-14.06692,20.7552,3
97.22847,-5.24764,7.472663,3
88.86485,-2.529907,-4.576391,3
101.7408,2.074873,18.20458,3
92.04737,0.4754322,41.79531,1
96.76155,4.100291,29.19331,3
77.69827,-6.256609,37.29684,1
83.99839,-17.10812,-22.3354,0
93.72131,1.103292,39.74338,1
50.03596,-42.7767,-4.14904,0
74.34168,-28.75252,47.84811,1
102.9905,-14.93243,-0.825331,3
94.38176,-10.63375,42.51843,1
91.00957,-32.87846,13.43366,0
75.0991,-12.43878,-3.725109,0
99.71898,1.714032,4.525269,3
97.05164,-13.93117,21.0481,3
67.64789,-39.76033,42.58633,0
76.55425,-3.190123,16.45936,2
93.47488,0.3765837,25.90739,3
93.51495,-0.5550281,4.612421,3
57.37314,25.10667,10.49975,2
103.4198,-6.599876,-9.018439,3
104.0487,-7.712588,27.14648,3
92.4015,-2.596808,24.34873,3
88.88005,-28.71986,12.2651,0
77.42435,-8.888894,15.65323,2
56.94154,-36.15375,-7.241486,0
83.08265,-3.235357,11.09258,2
95.12753,6.202988,6.050601,3
80.75207,7.399832,-10.60872,2
89.59116,-11.58825,16.71803,3
75.02663,-2.20732,18.8464,2
86.81567,-18.75838,14.03764,0
86.33813,-6.522419,40.83617,1
86.44006,4.12573,-4.344763,2
92.34134,-6.288327,-22.51647,3
99.20676,-2.301912,16.30521,3
93.28884,-26.1351,26.98679,1
103.6715,-3.033673,20.19775,3
110.8406,-6.030144,18.47942,3
110.1354,4.640334,20.47321,3
87.69553,-13.86095,48.31673,1
61.261,-6.153849,6.930251,2
96.02579,-2.404189,13.8676,3
67.0869,-12.80507,-16.73288,0
83.3801,-16.05181,15.56918,0
69.44648,-17.35003,21.82556,0
106.486,-15.43718,-8.894266,3
75.31096,-5.97601,-26.73904,2
84.38316,-12.10218,5.289778,0
101.5825,-5.457664,38.7473,1
103.5599,-8.191781,-7.32215,3
65.42321,-25.89526,-30.53124,0
85.36586,9.22972,12.87825,2
97.13641,-7.932888,-24.4079,3
61.50385,-21.38048,48.85496,1
96.71147,3.056493,21.45819,3
84.16272,1.746733,-23.5835,2
64.75307,1.464246,-0.9213594,2
104.9062,-13.83802,17.22841,3
106.3626,-1.628879,-16.20581,3
103.8926,-7.585243,36.95658,1
75.56171,0.9017322,37.98664,1
73.04696,5.555789,27.70975,2
99.33538,-7.676552,26.74605,3
86.46821,-7.755009,11.05211,3
99.94941,1.68962,-13.95072,3
75.67682,-21.04888,46.00542,1
95.53839,-18.87944,10.08275,3
90.8839,-2.012473,17.72473,3
92.37318,-11.79613,3.692094,3
95.98297,-13.06095,-2.115095,3
77.3748,-36.99783,42.18287,1
61.89049,12.83541,10.32672,2
98.69547,-20.69055,-12.77616,3
76.63002,-14.28613,-2.281158,0
104.8631,-1.347664,15.7305,3
95.75204,-14.23512,21.72814,3
87.0602,-8.21567,-15.43896,3
98.24464,-12.25616,-1.23877,3
94.50976,1.233005,20.35867,3
77.41371,8.476269,-0.05002336,2
87.46043,-18.56008,15.08788,0
98.15375,-23.76708,6.18301,0
92.8437,-14.2211,44.11666,1
100.971,5.462346,39.51408,3
100.9162,-7.540031,9.098469,3
103.3492,0.0266431,38.9423,3
85.8841,-23.81926,41.29669,1
99.01369,-9.289831,0.5772257,3
110.5537,2.723566,1.996675,3
96.82315,-9.55594,36.40879,1
98.24734,0.7629023,8.742479,3
84.44122,-7.091972,-6.860415,2
87.52856,-6.717607,28.30254,1
91.86487,-5.227836,34.9361,1
100.5403,-6.713895,17.69148,3
72.88359,-11.78903,11.33799,2
88.1031,-21.98739,46.82571,1
52.0746,21.78751,-12.86809,2
95.08361,2.138551,19.72713,3
99.67734,-1.866458,11.67349,3
83.11871,-15.78683,53.10723,1
100.761,0.6917986,29.30487,3
57.27027,21.68406,18.60284,2
83.82369,9.856368,19.37189,2
54.14277,21.62091,6.014833,2
96.02588,-19.23989,0.5373067,3
98.33826,-6.790183,-14.1458,3
79.05934,-8.27776,41.90751,1
101.4688,-14.66268,4.99553,3
93.39626,3.529434,-6.68443,3
93.66279,-22.54637,-4.317607,0
100.7594,-5.130804,-22.38402,3
99.51268,0.8453864,-21.73544,3
65.33472,-32.83904,-12.10036,0
83.40574,-7.541621,36.01326,1
97.13473,-8.738876,43.27881,1
100.8994,-0.6954135,2.237078,3
82.53561,3.608914,-6.313927,2
61.4558,-0.4531569,2.482846,2
85.62403,-17.34537,12.2455,0
86.87189,-10.66356,41.55986,1
90.36253,1.614428,34.97724,1
95.18336,3.670804,11.95003,3
107.3884,-33.4495,12.50793,0
101.5661,1.072811,23.44005,3
101.7917,-3.105449,6.985133,3
95.16793,-7.242907,33.8779,1
100.8079,-27.89326,43.45379,1
101.6868,-15.10285,5.845123,3
99.57243,-21.25019,-13.08495,3
89.29845,-10.55144,35.01126,1
84.1823,-15.22567,-30.75166,0
94.96299,-7.43205,15.54755,3
103.1543,-18.55339,15.2332,3
90.12797,-7.142148,16.34013,3
84.97427,-0.6412188,42.20268,1
84.15809,-18.50533,46.91879,1
104.033,-9.473391,8.229769,3
93.38685,1.433011,23.02015,3
90.43919,-9.544437,14.5522,3
77.36287,-45.95072,55.97322,1
91.47186,-20.26464,-4.406689,0
61.60487,-18.76605,49.53461,1
84.02177,-13.48443,12.65179,0
86.21015,-13.83116,-1.394547,0
23.40739,-74.08727,167.9663,1
101.3542,-17.34196,-7.730044,3
78.15125,-17.21177,5.669321,0
98.23776,-21.60043,15.4592,3
103.8314,-0.9827418,-1.316694,3
89.89834,3.69801,16.21828,3
106.0325,-0.7693002,24.37667,3
98.3781,-0.04284079,17.96622,3
108.1459,0.3235565,-6.120128,3
69.69825,4.503452,16.90241,2
86.20205,-0.336812,16.66182,2
87.65917,-7.897941,12.74423,3
69.0195,8.396979,-1.820975,2
91.81966,-18.07794,18.69472,1
92.78359,-1.136677,9.082731,3
93.07732,-20.34346,5.73757,0
102.0482,-2.039999,-3.068826,3
94.35015,-14.69493,25.15894,1
92.20699,-11.54792,40.3727,1
87.4913,3.516572,14.80188,2
98.05187,-2.266014,12.08291,3
101.8666,-32.86034,-1.393581,0
65.61003,10.43538,-5.170756,2
95.14714,-23.12513,12.81101,0
100.998,-5.334311,21.36142,3
73.92869,-6.040658,-1.474179,2
100.8359,-13.87929,20.10176,3
90.68855,-2.814321,16.43727,3
96.2558,-6.597985,12.25679,3
71.9065,-24.43728,18.59693,0
78.35906,-14.19333,20.87156,1
97.80245,3.510499,-4.451201,3
96.39873,-4.687214,-2.685927,3
79.97076,0.5997368,1.8336,2
86.27177,-4.157237,36.99198,1
98.53117,-15.2404,49.26902,1
94.55679,-10.94649,36.80673,1
84.77634,-9.910398,21.31474,1
68.91656,-11.16404,2.346093,2
74.08968,-42.06514,-0.08068968,0
107.2967,-28.66688,1.800558,3
92.25615,-7.395863,41.33598,1
80.2207,-18.48762,35.76752,1
89.2951,-13.96636,18.02993,1
101.0525,-20.82445,-2.384932,3
60.5757,-49.47706,17.1349,0
84.90646,-11.43413,1.084309,3
65.42094,-33.24161,14.82025,0
96.8377,5.727687,24.58274,3
77.29301,-7.997717,8.937107,2
83.29156,-30.30421,16.81783,0
77.04642,-3.998,9.651588,2
100.3765,-30.15638,48.79027,1
72.21207,14.52138,-0.1425476,2
83.30589,-1.829279,-30.05196,2
91.10708,0.1842883,38.05426,1
86.81168,-20.01017,12.54946,0
91.82158,7.401964,12.27367,3
69.81927,-11.11226,-33.26502,0
97.72458,-29.31531,-5.75028,0
102.2565,-3.201726,20.69382,3
89.49767,-15.07449,21.62067,1
100.9423,-2.903443,12.06692,3
80.16206,-22.58232,10.08453,0
80.29221,-28.92104,21.42782,0
88.90546,0.381196,1.200216,3
104.5753,-30.79178,35.39742,1
104.1563,-6.894988,22.72941,3
81.19528,1.479531,-1.523598,2
99.91483,-8.106501,-18.00728,3
66.20098,-23.51356,-36.52401,0
79.96111,-15.35611,10.53687,0
73.13789,-8.640491,29.9729,1
67.30662,-23.2454,9.304253,0
100.986,-15.45698,37.94345,1
77.13806,0.3222751,15.91251,2
74.65511,-28.16804,-0.4622267,0
81.54164,-7.799154,14.47294,2
69.01373,5.819744,-11.09602,2
105.1352,-18.48622,-1.89913,3
84.36426,-6.193764,15.53983,2
79.97404,8.244182,12.11742,2
101.8379,-7.123221,9.205902,3
83.71951,-4.921715,-0.6831168,2
99.95727,-5.694667,14.51867,3
94.12172,-17.69061,22.15342,1
100.1858,-15.18896,24.39041,3
105.8109,3.774787,15.74996,3
63.93669,-13.93763,-16.31511,0
102.4592,-5.167381,14.4997,3
88.02753,-2.927995,20.0467,3
89.40654,-20.89337,24.01509,1
86.70695,-3.836489,-3.925501,3
105.6909,6.036453,-5.161716,3
77.20161,-1.321889,-22.53007,2
90.32775,-31.35167,-0.6609745,0
96.26846,-14.61332,42.85541,1
100.4902,-11.68055,19.01533,3
100.0995,-1.127818,18.18541,3
77.93688,-5.96571,38.43498,1
108.3291,-22.91851,-1.005558,3
67.62918,-6.58947,17.51962,2
100.3051,-7.638517,-2.980453,3
89.16416,3.697239,20.64973,3
104.1405,2.31474,21.55202,3
93.93765,-14.99542,46.03344,1
106.0124,-8.602824,16.41037,3
98.50125,0.168485,13.20621,3
107.2045,0.9114003,-4.512708,3
96.5395,-5.67972,10.09637,3
102.0059,-5.789949,10.13496,3
104.2549,-0.4240681,22.47612,3
93.1627,-14.41423,16.73507,3
100.5289,-14.16963,3.636145,3
72.13186,-32.25087,42.87934,1
79.07266,-35.13312,-5.602263,0
92.94672,-14.32045,46.25982,1
93.46165,-14.31997,5.714006,3
96.38969,-8.908016,12.72346,3
95.71651,-2.010428,14.81052,3
92.40507,-27.70396,-5.518773,0
92.60474,0.6391729,20.98931,3
74.44523,-7.469193,18.63486,2
91.65009,-4.39366,14.52964,3
99.67909,-4.604246,22.72309,3
107.7099,-9.018012,15.91338,3
81.55506,-23.32158,44.56403,1
101.8879,-22.10524,-9.577628,3
105.4455,-17.10012,8.805856,3
101.0396,-14.39276,39.08409,1
99.12204,-8.496828,22.65657,3
60.43749,-22.89016,3.569652,0
96.31782,-5.125761,21.83178,3
87.39045,-16.52411,-1.576912,0
92.68845,1.119616,3.448772,3
94.18652,-14.42084,13.72873,3
96.23338,-14.02758,38.97239,1
95.66235,-25.87454,12.23675,0
95.61092,-8.013204,44.77601,1
71.89811,-15.5837,-20.83104,0
91.36771,-21.50827,4.930409,0
91.75278,-25.55713,3.388375,0
72.89483,-23.75629,-5.740134,0
84.86824,2.325239,5.506609,2
65.97128,-8.224343,8.761308,2
102.9786,3.399697,12.66896,3
105.9688,2.077603,-3.292571,3
91.99258,-29.20645,41.63244,1
94.23677,-2.615713,-9.492203,3
89.32224,-10.72558,-21.97775,3
84.60256,-18.57938,55.06728,1
107.1046,-3.088772,37.65315,3
93.21777,-4.806611,18.72908,3
102.1994,6.264705,16.42173,3
97.73914,6.740694,21.30419,3
69.52692,-5.150925,37.72911,1
72.8102,-16.00879,-4.581338,0
88.5792,-17.36777,10.25121,0
105.3497,-15.36175,47.3484,1
93.49371,-4.142003,16.27094,3
66.01099,-25.52624,-5.513166,0
64.66605,-17.61898,2.975675,0
104.5532,2.786872,37.15506,3
101.5072,4.289434,-0.2856055,3
76.2448,-21.02052,9.120222,0
70.14558,-24.68585,2.887412,0
85.06408,-10.67368,33.87098,1
83.76475,6.737475,19.45099,2
95.99763,-4.382689,17.37515,3
96.16347,6.479298,11.61197,3
102.4556,5.608133,14.24136,3
80.51041,-13.70588,17.30145,1
86.38321,-5.539992,-0.6153251,3
55.24215,-24.45413,-3.771294,0
85.91026,-22.3987,44.08498,1
93.81747,-8.4538,15.62786,3
101.3125,-5.0949,33.36786,3
94.88525,-11.65222,-1.659856,3
96.20072,-5.574083,35.0839,1
106.6101,-30.26857,6.022443,3
86.77707,-18.86243,39.31399,1
94.00572,-19.22645,14.6836,3
93.62149,-27.53791,46.27697,1
68.37779,3.52873,19.05004,2
85.80547,-32.93108,34.3258,1
102.4285,-6.613217,13.48017,3
93.39281,-3.026928,42.80844,1
98.85243,-9.081251,17.9918,3
98.8485,5.897537,15.80178,3
102.4463,-20.33529,3.247027,3
63.19004,-56.90613,14.26155,0
77.16843,8.605642,-21.65714,2
93.22033,-2.399037,16.59414,3
60.00025,-38.59915,15.692,0
87.79447,-1.182176,10.82691,3
91.3226,4.462562,20.21908,3
93.7599,-7.588092,26.92943,1
86.92102,-25.91488,14.5809,0
96.82337,-6.780557,19.29875,3
108.6638,-4.887779,-8.160187,3
97.10086,-1.128695,19.06043,3
104.5987,3.973876,-2.155159,3
99.51507,-13.17711,19.18956,3
98.40214,-25.05323,43.15217,1
90.80289,1.655619,39.33029,1
91.33734,-14.24754,12.48621,3
105.7685,-0.2000167,-19.79093,3
103.4159,3.627542,18.80574,3
88.09414,-1.579972,9.060097,3
98.09011,-17.11606,20.00843,3
98.50002,7.008637,11.57498,3
98.97208,-25.53371,2.84394,0
84.13368,-4.119672,13.08827,2
89.72491,-12.90889,39.54972,1
92.76653,-19.57651,27.73898,1
86.34481,6.435697,-22.45921,2
84.61867,-4.422725,-6.280495,2
95.06963,-6.517962,37.19511,1
73.56011,7.738261,10.01554,2
103.4751,-0.7140018,10.72028,3
93.76492,-8.864474,45.81981,1
93.28596,-19.23,44.15714,1
97.71539,-10.26788,23.64714,3
99.34456,-12.11125,-1.341896,3
96.33309,4.639857,34.90637,3
91.8811,-9.836567,13.77083,3
92.11478,-12.63691,3.481487,3
100.6987,-19.04986,19.27812,3
82.17148,-1.387826,5.53565,2
70.91353,-24.36165,58.35558,1
95.25899,-25.12262,32.09111,1
73.73704,6.863856,-2.008472,2
77.63229,-11.30472,10.1867,2
103.6634,2.440375,16.68246,3
75.63102,-27.03834,8.768291,0
75.16572,-24.231,-4.505302,0
104.1313,3.07352,20.50017,3
89.47769,-37.64935,34.50878,1
78.09527,-6.623763,11.52811,2
78.09666,-12.87607,42.57307,1
102.0886,-0.7091569,18.86125,3
38.01366,35.81887,61.132,2
99.73782,-5.13458,-4.476799,3
84.46066,-35.99803,38.82857,1
73.11421,-1.054992,21.641,2
87.90015,6.224168,33.58332,1
101.4043,-11.39681,19.05594,3
90.4055,-7.320836,15.09853,3
83.18179,-3.425142,20.10127,2
90.52705,-8.737042,23.56508,1
92.61392,-1.259887,37.72004,1
91.04884,-14.62879,44.1208,1
60.64194,-24.3102,-4.751759,0
102.4188,-8.940902,12.88876,3
103.6705,3.678896,22.66176,3
99.59743,-13.96562,23.96762,3
88.13712,-28.83252,-7.695131,0
102.6339,-19.90474,2.119392,3
62.31914,-21.57067,-6.56862,0
89.41938,0.8514944,17.70531,3
74.88858,-4.809131,34.39129,1
56.65787,0.8786035,-1.814335,2
74.95375,-20.25676,-23.47548,0
92.39797,-7.159907,18.32374,3
101.85,-0.2478153,16.96876,3
79.56969,7.782117,11.25726,2
91.98357,-0.6368662,-3.627002,3
101.4764,-21.19238,42.33781,1
69.18381,-19.18246,2.508528,0
77.98373,6.072865,11.51925,2
102.2367,-2.402702,15.16761,3
108.4048,-19.78147,-25.56297,3
90.8124,1.449882,-28.4492,3
74.14845,8.300271,3.51,2
88.6997,4.791914,16.79358,3
85.60366,7.281642,19.58166,2
96.96481,-11.49721,19.38492,3
55.78025,9.043186,11.82448,2
85.2161,5.709308,31.90009,2
84.39847,-3.778071,-2.521853,2
72.22269,13.9967,6.467899,2
87.26472,-24.25449,-4.804506,0
104.0769,-10.91102,20.81897,3
65.91813,-8.931845,-2.442919,2
86.09187,-10.91967,42.20457,1
103.3965,-8.894827,16.29995,3
105.5304,-1.818449,18.91481,3
102.6966,0.4484373,11.5715,3
72.18345,-8.925399,-5.250238,2
84.2119,-4.199639,19.3127,2
73.70226,11.02703,15.60366,2
84.22025,-1.477963,16.6956,2
93.07368,0.9647097,21.12347,3
100.3214,-14.15473,-4.68247,3
94.65381,3.39413,12.56921,3
98.3092,-4.121874,-8.209309,3
71.57961,-4.042393,16.0644,2
103.9323,-20.88978,38.89481,1
91.45473,-5.01469,-29.19673,3
86.90459,-18.74906,46.39302,1
77.23544,-16.47919,19.93041,0
39.29165,-29.07778,-26.38076,0
61.74353,11.49738,-19.60832,2
82.21812,-19.39363,45.3203,1
99.09026,0.7415718,-20.46643,3
83.89919,3.346144,12.6885,2
96.75772,-3.408494,-3.474863,3
96.07424,-0.547455,38.89198,1
102.1606,-5.130198,31.44821,3
81.9277,-0.6179894,26.29951,2
91.76303,0.5679783,36.07598,1
90.32964,-2.447464,-23.15165,3
82.67734,-26.89111,9.961327,0
103.767,1.573243,37.34702,3
99.30768,6.525617,-11.52151,3
106.7654,-3.584853,36.4465,3
90.49073,-8.483649,42.52057,1
90.61246,-20.78131,45.7991,1
81.61974,-5.875968,-2.809837,2
107.7844,-19.91478,-10.77087,3
71.39966,-16.19313,-1.101544,0
100.0646,-21.16855,15.52413,3
99.7388,-5.601657,9.948804,3
103.6911,4.398914,-2.374195,3
80.96207,-18.38858,41.61506,1
91.28849,-9.646938,-15.66064,3
68.37938,0.8886273,1.062501,2
107.0555,-5.622551,21.0733,3
83.0179,-24.86997,-19.52458,0
101.8276,-4.615577,17.20467,3
92.29377,1.770801,0.02776576,3
94.83567,-1.314749,-3.623795,3
79.87947,-31.29486,43.67258,1
105.6038,1.486897,1.31274,3
87.60548,-16.4786,19.27857,1
97.22686,-11.70439,2.955376,3
94.71172,3.746837,9.508256,3
89.13502,-8.899402,12.56412,3
94.79925,-3.669531,16.32206,3
70.02753,-21.29116,41.46256,1
71.19413,-13.35589,48.38987,1
94.39966,0.02728479,22.66192,3
93.2991,-6.04378,-1.984742,3
90.29558,-33.10703,21.09091,0
87.95089,-1.122478,19.09256,3
96.20741,-21.66496,19.83976,1
86.94341,-15.87728,27.11971,1
78.57974,1.381121,24.36762,2
97.75723,-11.09791,-5.81621,3
91.74117,-11.7957,39.97327,1
51.21106,9.772693,24.95696,2
72.23685,-11.91989,7.116342,2
70.60421,-10.39903,-28.6226,0
103.2188,-11.83775,15.0204,3
87.06541,1.54588,40.48727,1
85.69911,-28.04659,18.92907,0
65.37899,-73.23876,4.136933,0
85.30875,-19.27482,8.446678,0
68.04664,-31.76847,19.23949,0
97.43186,-15.21806,52.85831,1
69.19844,-10.59621,1.859842,2
74.93137,-12.71009,37.65396,1
104.0696,6.013888,15.75415,3
69.50432,-5.510762,20.38619,2
88.66154,0.1133537,14.20698,3
100.1536,-14.83688,-16.92983,3
101.8493,-17.4295,22.90125,3
90.36979,8.547648,-0.9956492,2
102.2238,-3.060748,-5.522201,3
101.5153,-4.880762,12.84367,3
92.33824,-22.61988,51.96748,1
97.58893,-2.844311,39.51347,1
93.35539,4.090153,21.67334,3
101.4636,-4.586207,18.23976,3
102.1766,-0.5243087,17.57339,3
94.28558,-13.106,20.34931,3
93.0205,-18.53067,11.30348,3
98.36803,-3.296026,-2.058218,3
111.0255,-3.784728,25.69375,3
94.17867,-4.172217,21.6844,3
92.85507,2.339785,-16.58788,3
96.78237,0.2322385,-13.19681,3
97.6767,4.236179,-4.595884,3
71.14348,-6.955685,31.8564,1
100.268,-0.4945316,-0.9217438,3
99.96101,4.737642,18.8404,3
79.65738,4.531426,37.51278,2
99.28033,1.35248,21.61325,3
90.61974,-2.19232,33.51291,1
86.14342,-5.4997,14.83599,3
74.54328,-19.8142,49.22846,1
66.63956,-48.63605,23.4465,0
83.2985,-2.944814,35.76302,1
81.35406,-3.58908,37.16793,1
94.07485,-14.21128,19.44436,3
106.3403,5.061928,16.66507,3
95.13251,-8.49725,20.52744,3
104.0647,1.123125,-25.65986,3
75.73571,-12.97343,9.56268,0
72.49796,4.278595,20.22469,2
88.69644,-1.991943,-20.40989,3
88.80651,-8.921767,12.53853,3
109.0313,-11.5531,0.7407461,3
94.32474,-18.16629,19.15927,1
88.95094,-11.59529,16.5856,3
96.00315,-12.80576,-10.16994,3
92.53646,-1.572588,-5.393738,3
81.04694,-3.618401,40.17097,1
95.25172,-23.74289,46.20493,1
108.1876,-1.529845,19.82403,3
103.9383,-10.86597,34.16167,1
94.08071,-4.360487,20.67108,3
89.44424,0.6951972,-28.87768,3
92.67048,5.770965,15.3154,3
94.39796,-20.51603,-3.116556,0
108.1139,-5.327056,-3.791144,3
98.45929,-17.55467,23.12105,1
81.91518,-1.61774,13.64533,2
85.18335,-20.82659,20.05659,1
91.43665,-21.31078,13.866,0
104.0326,-17.73783,40.48239,1
103.711,-9.756772,-21.80177,3
68.96709,-27.89528,42.28521,1
94.76502,-4.34742,14.60837,3
85.6572,-28.66981,3.170848,0
94.74974,-4.448233,-4.561334,3
77.46024,6.960878,26.03961,2
105.7641,-1.673767,17.6952,3
86.30849,2.15311,35.59016,1
77.37628,-4.348326,41.63489,1
83.78282,-3.321934,42.35794,1
91.49355,-10.5868,24.7077,1
86.32211,-38.22635,-6.138037,0
88.09458,-28.9791,7.879127,0
54.84299,-31.13018,47.87723,1
93.95569,-0.7099398,23.6402,3
77.90448,-7.238525,4.098817,2
90.83937,-6.458387,-3.676678,3
92.88769,0.766142,39.65011,1
75.62695,10.50577,4.204294,2
98.02834,-21.21457,25.38657,1
87.94387,-3.114301,-3.522237,3
92.27062,-10.25898,21.88484,3
97.39928,-6.76298,23.50111,3
84.36972,-9.809111,26.59226,1
76.74854,-8.17821,33.87135,1
75.9613,-3.405588,39.59177,1
79.54944,0.2511298,37.58074,1
81.04343,-0.9789611,33.6053,1
84.5351,-12.30462,37.50981,1
90.18417,-4.537304,-18.03506,3
107.0667,-3.531468,18.27003,3
90.83612,-13.64538,41.4021,1
93.33963,-2.645158,-5.54086,3
112.0647,4.861909,-3.021174,3
73.59076,-1.545553,-9.03941,2
77.69428,-7.739986,-36.04336,2
64.35109,-62.69424,-27.52123,0
98.85709,-2.962484,-2.762755,3
70.99141,-7.171328,42.79763,1
68.18633,-16.5351,13.43033,0
94.08875,-4.001955,-24.9656,3
81.03373,10.02176,21.10111,2
96.39782,-15.12268,12.19631,3
82.97015,0.7733102,-18.95221,2
91.90462,-23.84284,-0.1412953,0
91.58155,5.584581,11.87152,3
72.17395,-13.14061,46.4016,1
102.8034,-16.57329,-1.628371,3
94.75973,-20.93327,-29.18998,0
70.41216,-5.744153,41.89862,1
97.14376,-16.51152,-27.85951,3
83.44054,-3.994757,43.89838,1
101.0104,-4.165694,13.19565,3
110.1009,5.571086,1.811563,3
87.02649,-11.8761,22.33816,1
76.94629,6.463237,15.15859,2
107.8607,-3.436837,18.20214,3
94.13112,-3.472499,35.98376,1
97.85404,-13.9852,12.27587,3
104.1471,-18.73049,-21.05726,3
79.31972,1.536283,20.57314,2
71.75668,-1.961836,5.811337,2
83.96437,5.353504,18.36807,2
99.69108,-0.1440521,-7.092784,3
98.81336,-12.25262,2.106686,3
87.54772,-9.128977,39.3409,1
100.6868,-1.36206,13.76581,3
88.42816,-20.61751,-6.081532,0
92.16357,3.945815,17.04669,3
81.2152,9.194927,14.87486,2
58.41899,-10.94288,52.85996,1
99.55087,-9.81464,11.32628,3
88.04727,-19.11444,3.417625,0
95.91151,4.224546,16.6618,3
95.3212,-22.3448,10.51465,0
90.27166,-11.88031,1.609,3
105.6912,-4.227383,21.04768,3
84.60179,-22.21564,41.85513,1
77.80394,1.292238,0.4999546,2
75.49858,7.594289,-0.6481676,2
82.92237,-7.397534,0.9012652,2
77.19541,-12.16691,43.81235,1
74.95766,-42.62094,-3.83619,0
51.06754,-66.43787,167.0542,1
96.98486,-21.66035,-4.09571,0
85.29402,-24.29859,23.50788,1
86.14654,-36.1187,-1.136076,0
104.6879,-12.32601,14.02232,3
103.2379,-28.76596,-30.01956,0
111.0573,-7.110327,14.63583,3
90.61181,-3.960201,19.35811,3
102.8776,-20.18702,-0.06627093,3
94.42741,-7.282002,40.13812,1
103.8684,5.703771,11.72673,3
96.02011,0.8495472,12.69112,3
95.40044,4.11158,-1.108795,3
82.28197,-13.37212,-4.908806,0
86.3662,-7.293166,14.47223,3
86.88791,6.74183,12.5744,2
80.19241,-1.540931,15.19807,2
93.27587,-0.2878023,18.40008,3
78.48949,-1.069353,22.38095,2
86.79989,-3.36575,13.77008,3
63.24268,5.187622,15.93316,2
81.98825,-22.55341,3.180193,0
50.52728,-38.9819,-35.19254,0
99.84944,-22.74746,42.497,1
104.2023,2.905277,-1.335895,3
83.05892,9.511515,-1.018898,2
90.79073,-0.1608214,13.3345,3
78.1737,6.525965,-7.886503,2
104.1505,-5.237842,-17.39456,3
69.04632,3.859979,-30.16329,2
78.00116,-25.00096,-0.9787115,0
102.341,0.3980241,16.47215,3
84.29754,-1.951411,-2.300808,2
75.76752,-0.1585922,7.128654,2
81.41815,3.773705,34.86393,2
77.21999,-25.59331,40.41904,1
86.01286,-2.77877,44.7841,1
101.7446,4.695288,21.38464,3
81.44389,-30.06046,9.537606,0
74.55301,2.323591,17.17663,2
104.1053,-17.96654,-24.65157,3
66.97099,-12.71244,-2.851457,0
108.8612,2.565322,19.10383,3
102.7183,3.49631,16.9968,3
95.05684,2.639788,18.86608,3
108.5364,4.237566,14.04587,3
103.6253,-5.926423,19.81903,3
103.2578,5.116411,18.9697,3
81.45327,-19.1922,18.47452,0
90.09978,1.543371,-1.925564,3
88.53154,-8.655596,-21.71798,3
70.83778,-0.6219172,36.21005,2
91.23622,-18.95827,18.84833,1
87.46552,-17.1978,11.25117,0
94.35634,-21.38073,17.55038,1
74.43929,-5.087626,25.47969,2
88.11961,-14.97391,13.79442,3
84.6466,-20.58237,27.78442,1
104.4976,-3.536654,-0.4202411,3
61.50616,-14.05326,46.11865,1
60.68486,7.413008,-23.17503,2
72.07383,9.079768,-20.8822,2
102.7732,-14.25631,-0.4614153,3
98.05883,-23.64625,10.70123,3
98.66234,5.8812,1.335597,3
98.49445,-21.1346,-1.00672,3
93.85387,-20.04258,14.2355,3
101.3576,-5.741379,19.84407,3
74.19643,-21.5598,51.27168,1
78.26655,-30.52918,12.23939,0
105.0621,1.444228,22.79574,3
81.53955,2.228043,16.70219,2
95.4416,-14.74428,23.01211,1
73.54585,2.254131,10.4111,2
102.0775,-31.44488,-33.82923,0
89.26503,-3.202217,34.75778,1
88.7843,-19.18067,34.27707,1
98.69982,5.61691,-5.819133,3
88.91589,-9.248313,3.832959,3
108.83,0.6880573,-0.4888454,3
102.1061,-10.52722,20.13535,3
78.22765,-38.17048,15.21706,0
95.4772,-23.98174,-4.194947,0
97.33026,-31.78856,18.37456,0
70.29771,7.388965,-12.20879,2
84.85646,-14.83485,46.48018,1
91.05317,-19.5432,21.53519,1
80.75748,-12.60029,-0.1578103,0
104.507,-17.03967,15.5324,3
103.2284,-11.96401,-5.337265,3
104.6081,3.038145,12.82903,3
102.3059,-8.836693,18.19391,3
101.3744,-25.19072,52.02882,1
84.2019,-10.1125,3.620071,3
68.45997,7.420368,-29.80843,2
102.2619,-9.185259,20.42663,3
59.19489,-40.62234,7.989626,0
104.7144,-1.455143,38.18233,3
91.61343,-5.830144,13.76212,3
86.89652,-8.181361,10.25979,3
96.4228,-0.7293217,24.49518,3
100.291,0.2899902,17.34033,3
106.3469,-0.8148966,14.73177,3
97.60793,-2.014824,20.17748,3
99.46393,-10.81086,0.437217,3
94.73628,0.07140508,6.051787,3
106.2397,5.661629,23.07694,3
107.2978,-0.5231357,-23.38864,3
94.53815,-21.71755,35.54376,1
99.94438,-17.01928,16.23838,3
100.0586,-11.1766,-6.921438,3
59.97438,1.592347,20.91175,2
105.5033,-3.154142,23.0011,3
72.19261,-22.57175,43.66185,1
76.28003,-24.50391,16.48299,0
103.1289,-2.396274,19.47228,3
106.475,-2.559224,-2.600426,3
91.77582,-10.40701,24.7513,1
62.19144,-4.05406,1.643342,2
92.7448,-5.209551,17.61752,3
68.32201,-2.711299,31.13652,2
85.22828,-19.47861,-12.56928,0
103.6859,-2.628598,-1.546384,3
95.73749,2.270025,19.45734,3
98.71429,-23.11001,11.62284,3
92.94539,-45.58091,-1.265516,0
88.72309,2.990925,20.189,3
97.24658,-5.451604,36.58779,1
101.6634,2.66495,-2.189942,3
89.81545,-18.06654,25.59492,1
80.4026,4.931328,13.56281,2
93.77818,-13.79801,-4.64529,3
96.42373,-25.59126,21.1104,1
92.47517,-16.64471,5.282676,3
86.85835,-33.81435,53.38923,1
65.58501,1.816718,-28.59343,2
87.26009,-21.18213,35.38077,1
86.03497,-10.85726,16.72675,3
84.9796,0.8569338,2.242333,2
90.99646,-17.25497,40.71465,1
98.28539,-4.810108,7.830699,3
93.73624,-10.38168,8.843156,3
80.89266,-17.53085,19.94536,1
79.50682,-14.84308,15.55572,0
101.8906,-15.44275,8.18556,3
100.8954,-9.104867,21.17911,3
78.43365,0.002835625,17.09637,2
64.48333,-25.2024,23.784,0
83.27525,-11.4299,21.14484,1
86.47535,-9.374004,13.39047,3
109.4692,5.426446,17.5702,3
94.08552,-6.728106,1.858483,3
85.62386,-7.474724,-24.08253,2
92.20662,-14.87952,-5.641762,3
86.31313,-2.91744,19.77371,3
105.0759,-13.88054,11.25226,3
87.53478,-0.763732,-13.72049,2
75.48476,-28.23099,47.60839,1
99.62424,-12.11285,23.13894,3
88.96432,-18.51268,13.93045,0
98.97232,6.336781,23.59085,3
105.7682,-29.8276,-0.7653317,0
101.9126,-3.028237,18.00143,3
72.70786,-12.17007,-3.266851,0
104.4145,-17.71618,-24.46402,3
82.36353,0.3092615,13.2245,2
104.3966,-8.289892,13.37012,3
92.20184,-6.008186,22.40973,3
71.45883,-15.76428,18.53888,0
75.82533,-3.571096,10.26657,2
76.02502,4.491653,-4.042415,2
94.87997,-4.56317,23.36127,3
101.525,-6.170672,41.02513,1
91.07262,-34.61858,1.154981,0
77.79364,3.408553,12.56835,2
95.68333,-10.16137,20.08234,3
105.9093,-2.702976,19.23852,3
101.3245,-12.05729,2.883934,3
77.39944,7.318558,33.7307,2
70.4209,-5.666655,41.54278,1
97.67445,-7.700167,39.11713,1
82.07317,-44.16438,20.74037,0
100.1307,-18.1254,11.5912,3
92.32999,4.824235,16.65061,3
109.2221,-1.893743,17.70782,3
102.6748,2.269149,13.74153,3
99.96826,-0.4143882,13.34998,3
44.86776,22.92661,26.65123,2
77.25176,1.126861,-3.268372,2
81.51128,-12.00939,12.70189,0
103.2051,-5.035604,7.697241,3
101.4444,-7.141147,40.21513,1
76.96991,5.445474,3.313977,2
73.56146,-18.69268,-3.959418,0
94.35794,-12.84413,29.66648,1
76.26274,-4.761138,38.1516,1
102.7714,-7.275376,-10.63277,3
70.90483,3.05487,1.922313,2
94.11536,-15.88943,13.62903,3
95.90002,-8.562091,18.72477,3
100.0102,-11.72809,18.02051,3
92.79118,7.420837,1.180739,3
81.28764,-3.989114,9.192213,2
92.16753,-22.11608,46.01569,1
104.4544,-8.523049,-4.761858,3
95.05309,1.94984,34.81964,3
95.35999,-9.477738,10.08929,3
104.3604,1.810418,21.3513,3
74.56126,9.105252,-22.26554,2
100.0638,0.4621012,15.9629,3
102.7514,3.567531,-0.8864714,3
96.33727,-11.0053,20.23782,3
94.06017,-22.97291,-9.057865,0
99.42043,-0.8946825,-8.029874,3
72.91895,-17.54871,14.63216,0
85.62524,-24.26322,-0.7317562,0
72.55466,0.7066833,-15.7084,2
104.2791,-18.98058,11.28071,3
100.0095,-16.32682,32.80311,1
79.63483,-19.84099,18.57362,0
76.28603,6.543332,-2.207787,2
90.32279,-12.77363,44.87012,1
102.973,-16.73649,36.91846,1
105.1659,-14.57314,19.78577,3
89.35567,-3.593157,-25.39189,3
105.6229,0.1281291,-14.21506,3
82.90415,-16.41943,54.00107,1
100.2114,0.9707767,19.70294,3
71.01675,-5.950302,-5.375243,2
103.8672,5.177258,17.61458,3
100.8995,-1.173291,12.15096,3
98.31403,2.907587,15.7862,3
88.05824,-0.7762159,12.66924,3
93.385,-0.6772627,-0.9050252,3
96.44982,-22.04358,27.18332,1
78.39458,-30.90334,12.89095,0
93.32734,-17.53861,17.91403,1
83.53951,-0.1777457,19.25364,2
96.23923,-15.88489,12.54043,3
101.6128,-0.5511203,17.97233,3
94.33086,-7.406622,14.83406,3
72.65783,10.53494,19.65791,2
86.68576,-8.381417,36.94294,1
81.40356,7.144815,37.7165,2
79.47935,-3.166762,-25.92924,2
76.96198,-12.87178,-1.674108,0
82.08916,-4.090978,20.26665,2
51.71917,-10.81777,40.22878,2
89.33779,-16.19837,9.442627,3
94.37663,-15.92351,48.35147,1
106.8121,1.666343,18.21377,3
82.36882,-3.905983,20.04128,2
85.51511,2.416261,8.807852,2
90.24002,-8.850451,45.98403,1
88.55938,-22.71203,14.46192,0
89.98086,-10.02802,-9.895628,3
98.85889,-19.31146,9.90768,3
83.05627,-14.95377,-5.851667,0
99.92822,-1.796952,20.16521,3
100.273,6.765457,-1.721571,3
89.71964,-4.521623,18.21067,3
96.79391,-19.2174,19.37639,1
97.60098,-5.270795,12.13852,3
112.9604,1.769484,17.09186,3
91.74652,-3.480697,38.89627,1
89.29685,-8.568675,17.74998,3
99.58661,-3.459887,-16.95073,3
100.9682,-6.828083,21.26288,3
94.20505,-8.489206,7.313441,3
107.0536,-2.407377,13.30465,3
88.01525,-23.57936,45.13111,1
100.4038,-7.676759,22.55511,3
92.68954,-23.28749,17.67816,1
96.05027,-2.087985,11.3117,3
80.80992,-15.88397,25.38794,1
83.03082,-24.76257,22.73057,0
92.08864,-5.831539,5.385555,3
88.01617,-23.35015,49.69929,1
89.19693,-12.76343,14.97624,3
97.10139,-12.04461,18.89175,3
67.31567,-30.52494,23.33288,0
94.48373,-5.883541,-4.034035,3
62.65039,2.093743,36.13629,2
96.29234,4.904683,12.48629,3
106.5882,-1.81089,-1.707558,3
88.74138,-2.259429,21.75552,3
86.39449,-4.334822,13.40146,3
78.38889,11.59694,23.30703,2
94.18566,7.111333,14.7267,3
86.63421,-15.94643,45.21019,1
96.29426,4.192665,14.15275,3
86.26412,-7.206315,20.27774,1
73.43775,-16.5179,32.45286,1
63.13741,-27.17281,14.85118,0
106.8648,-1.648659,17.54645,3
104.448,-9.193068,1.790449,3
78.08355,-0.5042174,39.67264,1
102.6081,-15.74923,15.67779,3
69.40991,11.00422,-1.10664,2
94.75328,-17.08812,49.28526,1
71.24464,4.627445,16.58974,2
91.00469,-3.809329,-21.16735,3
81.5551,-26.1747,45.43125,1
96.70056,-3.568697,14.16183,3
106.9136,3.985638,18.39619,3
100.1697,-9.303537,43.4904,1
98.09896,-20.49106,-36.16094,0
99.88483,-12.13868,4.180124,3
95.84734,-16.27913,41.96759,1
68.10321,6.487094,13.29407,2
74.1664,4.74825,-0.261302,2
102.0459,-5.763692,-11.61424,3
94.2687,-15.18644,-8.772016,3
103.93,-10.06249,9.16344,3
95.51968,-2.886669,-4.176187,3
77.82634,-9.22577,36.73648,1
104.4706,-5.61913,25.55545,3
88.02708,1.271076,-0.2015741,3
78.69283,-8.296053,40.44291,1
91.13496,-17.40318,5.352017,3
74.96101,-17.38541,43.17343,1
56.31522,11.99678,-1.430268,2
99.94666,-11.79979,18.34199,3
87.85819,-19.33459,10.77704,0
80.85117,-3.717568,22.82101,2
95.51985,-14.48206,29.3834,1
84.60177,-15.63418,-26.71376,0
87.19708,-4.391813,-7.129181,3
93.85585,5.853071,16.79369,3
80.01253,-6.311946,13.24213,2
86.88529,-3.998719,-5.552986,3
65.69028,-12.31037,-28.68634,0
80.70513,-20.77989,51.75446,1
94.71027,-8.639737,41.66087,1
105.6308,-3.494579,12.23165,3
71.34453,7.252645,-17.81003,2
86.82821,74.4271,37.48832,2
97.53175,-10.84995,18.42465,3
99.69857,-6.623579,0.3025351,3
96.21964,-28.86744,-12.10649,0
99.51625,-9.291355,42.68231,1
100.0559,-15.63773,12.75499,3
88.87495,-18.70301,37.9844,1
57.03689,-37.55198,4.064461,0
95.52689,-20.06985,25.94722,1
79.55893,-3.30839,-4.482401,2
87.49487,5.939146,-29.06923,2
89.11616,-3.474408,34.72236,1
99.07203,3.098174,40.1015,1
77.63104,-33.07573,-7.01823,0
67.94734,6.330903,11.22789,2
101.8992,3.43893,-2.485452,3
78.10586,-15.44407,3.350121,0
103.7647,-12.36363,16.92378,3
89.00678,-18.9909,15.94108,1
96.66023,-8.98328,30.06765,1
96.02489,-6.617526,13.23443,3
91.45675,-23.03421,22.51689,1
92.90095,-2.088786,6.242823,3
107.1666,-11.90199,-2.559187,3
109.6405,-19.76577,-0.2554288,3
75.92818,-27.42311,14.39566,0
86.88967,-11.6561,2.47478,3
82.40172,-6.289053,46.48692,1
77.9604,3.3616,-18.65459,2
102.1517,-16.74224,44.58613,1
68.18301,2.20512,2.090667,2
89.1814,-10.26482,23.11319,1
98.32751,-11.40889,3.312658,3
93.81934,-28.72829,50.76611,1
86.40774,-25.44086,9.540225,0
59.18248,-35.34168,0.4945871,0
98.02289,-14.21424,24.66,1
99.48209,-4.953493,-5.574831,3
91.14697,-4.628703,21.3117,3
72.57049,8.513496,16.60686,2
91.14814,-1.115291,2.835858,3
77.80675,-17.72749,15.14397,0
76.20428,-30.8571,54.34965,1
69.54969,-25.4474,6.423937,0
103.2188,-1.331607,0.4619312,3
71.81816,-21.97377,37.89014,1
107.0471,-1.267011,39.55494,3
103.256,-14.28032,-4.451501,3
95.59369,-0.3369794,26.06277,3
89.07143,-9.525275,15.4497,3
84.28335,-29.19647,22.05478,0
95.32267,-11.68295,6.921379,3
107.768,-3.266939,-3.595309,3
68.72322,-15.73723,26.51759,1
74.65224,4.735849,15.48555,2
103.4261,-16.16722,27.97497,1
100.4973,5.94133,19.14235,3
103.1171,-19.06298,17.84072,3
92.61015,-4.47836,-16.31011,3
99.11011,-6.689806,35.13034,1
94.98452,0.7014511,20.51492,3
79.46872,-32.68851,-5.348619,0
104.6463,1.200884,38.11196,3
101.3374,-0.9915991,17.31948,3
105.6875,-19.93897,46.04554,1
102.4056,-17.53482,21.26362,3
77.40269,-6.252296,37.28794,1
81.55729,-7.357194,-10.21412,2
101.8795,-13.56307,12.95098,3
89.15555,-11.45526,27.57065,1
95.04208,-11.68214,-27.89248,3
107.8102,4.46138,18.20981,3
100.2481,-10.67171,14.33778,3
94.8919,-7.657743,14.79385,3
103.7767,-8.785802,14.16651,3
73.71512,-3.599227,6.696741,2
59.47643,-34.98428,80.4809,1
93.20476,-16.81441,18.37429,1
104.5823,-5.335298,-3.488589,3
61.74922,-18.60954,47.33314,1
102.8501,-1.934103,0.3249556,3
110.4804,1.323228,17.79663,3
93.07481,-7.258347,14.31397,3
83.20676,1.248106,20.5406,2
100.5639,-14.4567,3.744143,3
72.52259,4.98526,26.72847,2
100.8737,5.407181,0.4021449,3
83.60219,-4.43947,44.65463,1
105.1015,3.93014,15.10334,3
103.2916,-4.657702,41.37635,1
98.25199,-9.145108,-5.822368,3
87.006,-24.87081,19.4004,0
86.71255,-6.309759,38.99977,1
79.15121,-9.129311,46.06214,1
100.0751,-4.035246,-2.184071,3
88.74399,-21.1087,1.254271,0
101.0185,-6.986792,19.46761,3
71.96085,15.05665,-0.8067369,2
83.03482,-2.863909,-1.271957,2
98.49265,-6.121655,1.843659,3
75.10265,-24.05166,18.12785,0
104.8234,-27.42244,-3.994639,3
101.1188,-24.72413,7.971806,3
71.5974,-11.90649,-3.677387,0
98.0288,-12.52359,10.73891,3
89.85531,-8.351781,16.66331,3
82.71597,-2.582343,4.767528,2
94.55969,-1.730013,30.25489,3
83.50439,-16.24757,4.906842,0
85.76942,-23.18286,-11.23798,0
101.7,-9.887879,17.45169,3
66.2963,-26.2858,-0.8899699,0
102.65,4.854981,16.29079,3
83.69948,-20.02654,28.49117,1
105.382,4.389645,-20.85411,3
101.301,2.43578,18.32698,3
79.83265,-23.43272,30.58811,1
100.5544,-7.803567,18.15373,3
92.08253,-2.786031,15.91034,3
88.7708,-24.09052,-9.326994,0
78.79424,-16.91198,9.755228,0
85.40819,5.066263,17.73116,2
95.82841,-15.85481,15.71216,3
77.0542,-21.93455,46.69831,1
64.12857,-22.0822,6.451993,0
71.15513,-7.202103,38.78934,1
80.21355,12.4252,20.70144,2
65.63064,7.779358,14.36279,2
70.54656,-10.71612,51.44434,1
101.8576,-7.144391,20.49179,3
86.80092,-18.82523,31.7628,1
70.92309,-5.459728,18.20443,2
97.91998,-3.081186,1.32717,3
81.64192,7.621183,-2.278606,2
103.925,-1.651244,-5.269877,3
71.21778,-25.87946,16.22775,0
79.58625,-22.55919,-8.822442,0
93.92826,3.124259,10.92172,3
95.13016,-1.897856,21.48539,3
71.17682,9.910393,18.10622,2
102.4327,1.453662,3.888932,3
77.53751,-27.75003,26.92394,0
91.58422,-9.838183,45.56798,1
93.78805,-12.72367,14.43497,3
89.43247,-19.73941,35.05228,1
80.82693,-35.76655,5.971149,0
65.81367,-18.10523,6.107221,0
84.89975,-18.78081,6.587034,0
108.3826,-5.021111,22.67366,3
74.00192,-23.0087,43.86182,1
95.91388,-19.15563,18.69675,1
102.8115,-29.49721,-1.687263,0
57.34915,-56.23833,-167.2354,0
93.23946,-2.762891,-24.43775,3
85.73878,-8.882842,35.05315,1
72.74013,2.631354,18.6412,2
70.163,4.96706,-21.65716,2
102.3845,0.01374737,32.82229,3
72.59857,-31.95481,11.89064,0
107.4615,-4.581486,6.449009,3
88.80117,-9.685448,18.55569,3
98.22449,-16.96872,24.72089,1
51.88381,25.19916,4.082269,2
101.1857,-6.971369,35.91,1
101.8251,4.090858,-6.675663,3
71.65792,-4.410213,24.41766,2
101.9328,3.462708,20.84926,3
89.43794,-20.18425,-24.08224,0
78.43371,-24.39284,13.85375,0
106.4987,-0.4420224,36.6978,3
98.97514,-8.536107,2.671571,3
93.22933,7.033745,21.35685,3
74.48047,-30.43902,5.869318,0
90.63582,5.45397,11.84056,3
103.6685,-4.07241,-2.215206,3
102.3571,-5.354028,20.96205,3
89.58049,-22.83504,-7.277635,0
76.10983,-14.11196,46.22523,1
100.2658,-6.710559,24.6513,3
93.98271,-2.087446,-18.22989,3
95.71645,6.534603,0.8568858,3
85.78271,-12.51747,46.17563,1
87.09528,-25.61566,51.04407,1
100.7755,3.206015,12.38844,3
107.4688,-25.36189,4.234579,3
88.04194,-9.816965,40.06733,1
85.60155,-22.50604,49.56212,1
98.56406,-13.14715,2.636594,3
95.91988,-5.472583,5.746953,3
95.81659,-27.99279,49.18036,1
86.95219,1.123922,10.56819,2
92.39957,-2.647087,15.39707,3
68.49563,-20.89745,22.11514,0
97.45533,-22.88513,46.36988,1
86.16373,6.580745,-6.731261,2
95.27945,4.879297,-16.42456,3
96.16809,-3.970001,22.26743,3
77.00846,-37.54622,25.23286,0
92.27725,3.240175,14.90426,3
94.34347,-0.7549303,14.74405,3
74.19735,-3.984887,-5.857171,2
91.56159,-12.64609,18.38663,3
78.15511,-16.73159,20.88243,1
57.91848,-32.44342,9.087147,0
95.29127,2.886806,21.39538,3
98.7552,3.729962,0.3303119,3
66.80754,-39.77977,8.573554,0
94.21832,-13.7535,17.82396,3
62.70222,-25.91757,46.66105,1
96.19554,-17.2531,-22.46816,3
101.8728,-14.00194,-33.32323,3
99.93799,-15.69314,19.16031,3
65.44922,-52.04229,27.38924,0
104.53,4.684994,18.82339,3
48.6994,-74.45306,174.6,1
68.40807,-21.90288,46.09975,1
86.82341,-17.41719,24.85723,1
100.2584,-21.18605,38.7126,1
89.84072,-5.116061,43.45568,1
85.28207,-41.09,52.32598,1
103.6788,0.03032119,-21.26848,3
102.5275,-2.018246,-5.064744,3
94.37439,-3.83778,22.52559,3
70.27186,-12.88416,24.56358,1
65.48361,8.581296,13.75551,2
106.5039,-6.151577,23.34878,3
89.9073,-3.550228,38.27935,1
89.56644,-6.212726,19.00074,3
106.3571,2.455551,13.10156,3
103.0539,-1.248895,-24.21264,3
104.6501,-5.684591,-13.20422,3
106.1686,5.722658,-0.992808,3
106.406,-0.4006456,23.97153,3
88.34053,5.649459,16.76822,2
105.5463,-6.261568,-16.95618,3
98.45898,1.71114,14.23533,3
67.05485,-43.39792,-7.923418,0
87.34813,-20.96297,43.11755,1
108.0824,2.519,15.59389,3
90.06693,-14.64605,14.9982,3
70.56558,-11.92242,1.660987,2
72.01846,-28.27623,0.2866248,0
97.85046,-5.505782,19.5348,3
103.4024,-13.10295,2.46756,3
106.8307,6.16879,17.55894,3
100.1136,2.909274,12.55676,3
93.34716,-20.87924,21.16986,1
70.68953,-3.032429,11.29796,2
94.18002,-32.39082,9.538123,0
76.33968,6.0388,-27.84747,2
87.01729,-23.74711,27.92806,1
76.35963,13.17197,3.308782,2
71.08493,-17.08769,15.62542,0
96.58979,0.2356585,11.46411,3
84.82574,-5.129079,39.56847,1
102.8609,-5.700682,21.36504,3
77.24967,9.748664,8.026796,2
110.3991,5.354583,16.93416,3
67.53524,-5.245337,16.32266,2
101.7994,0.5645487,-5.207425,3
94.81579,-10.27714,14.18886,3
94.94904,-15.54294,-5.936895,3
89.52851,-25.571,18.12405,0
88.79536,-30.92471,50.47122,1
98.20073,-7.685608,12.10781,3
93.14732,-3.166571,-30.05491,3
73.61212,-7.764653,-15.4611,2
91.48845,6.541437,-0.941652,3
92.37519,0.4854683,-6.505964,3
78.63527,1.554671,36.55065,1
64.10776,-16.03533,-0.7007413,0
91.66402,-9.494377,21.34343,3
67.98559,-1.020022,-0.7606858,2
83.9255,-4.550716,15.36927,2
90.72778,-14.21426,4.202754,3
88.53436,-20.04717,19.9534,1
92.34877,-10.15069,22.62916,3
81.56384,-9.276686,45.28937,1
89.51726,-19.28577,11.55709,0
96.41583,-3.972831,39.80295,1
92.72609,-3.734684,20.51541,3
98.27704,-18.22528,12.35927,3
81.33096,-12.09452,20.1079,1
91.09431,0.2807318,-22.26397,3
101.3421,2.825858,36.69576,3
80.57182,-20.2195,4.248177,0
84.16219,-16.27592,35.49204,1
93.80291,-5.357399,15.55028,3
89.3247,-18.72982,47.94857,1
97.50084,1.560163,-5.329704,3
80.72649,-18.08572,18.31212,0
92.65656,-5.435823,21.13975,3
92.7537,-16.22019,17.77032,3
100.3048,-7.020782,41.55185,1
88.6807,-1.10482,34.63072,1
66.41651,-2.39702,9.850157,2
98.29257,-12.40346,40.64445,1
81.21916,-10.34672,43.58365,1
63.13551,14.61171,-24.53852,2
101.2682,-7.512325,39.49496,1
93.17056,-7.426404,17.8438,3
84.70506,-37.31436,17.1587,0
88.69597,-19.276,42.72736,1
84.56927,3.549262,16.21073,2
98.57774,-1.358399,17.09595,3
106.3144,1.483204,-0.4265595,3
101.0238,-3.244563,-5.388492,3
84.56303,-19.76296,-3.593132,0
92.67754,-14.77857,-10.59386,3
76.23124,-10.57079,15.60256,2
111.6669,-13.3818,14.30227,3
96.96388,-7.228479,19.18728,3
97.85699,-2.658102,-0.924224,3
74.36565,8.507409,20.66685,2
102.0445,1.138461,1.537125,3
85.95245,-8.924668,-1.146542,3
54.90593,6.219548,10.47794,2
58.38391,-23.85987,-8.813034,0
94.12906,-1.078862,17.78961,3
64.70177,-4.37525,-5.396671,2
96.65846,0.8750786,17.71974,3
88.12827,-0.8017396,21.53192,3
97.30592,-6.962961,-16.27809,3
101.6622,-0.8985761,-27.09049,3
100.649,8.442266,20.07738,3
91.7927,-24.14795,3.15038,0
98.88437,-2.845361,-3.383925,3
92.69284,-7.65712,-17.3165,3
97.04682,-4.779504,12.92626,3
108.4516,-9.537932,-0.1868265,3
102.0171,-14.18216,-3.432007,3
103.4751,4.92551,33.37107,3
75.58932,-7.810545,18.13015,2
97.51307,-8.039832,23.24847,3
91.24358,-38.05671,54.74944,1
97.21284,-4.386746,14.09476,3
78.32288,1.667682,11.98004,2
95.88303,-9.885001,41.60819,1
65.12105,10.46048,17.59551,2
73.36815,-7.993522,1.575785,2
107.7001,-22.44476,25.18169,3
98.12445,-9.746316,43.28199,1
71.33104,10.00097,12.46548,2
93.72496,-12.61471,31.14825,1
65.33279,5.906747,9.304328,2
84.95847,-2.45523,38.54924,1
96.67963,-7.327101,-6.05871,3
94.18118,-21.64634,-7.579459,0
77.6244,5.885338,13.29201,2
78.48208,4.753079,-18.15549,2
108.8243,-11.00831,-5.618849,3
102.0656,4.209472,9.438841,3
89.5717,-5.460695,15.20638,3
103.3465,4.739092,18.01139,3
91.04766,-37.68349,3.550862,0
110.3382,0.5210279,-6.928292,3
88.67513,-0.9200059,-2.340227,3
106.7631,-11.67915,17.18828,3
86.21848,-19.52204,45.63375,1
89.58212,-15.89885,18.14333,1
79.59664,7.205082,15.36474,2
85.92195,-12.11685,21.96592,1
96.87091,-8.826418,3.940786,3
89.68654,-18.97372,-40.55576,0
104.0434,-3.940639,1.175529,3
56.75788,-3.535687,-9.508016,2
101.2271,-7.299672,9.210784,3
68.34013,-9.015003,19.18387,2
99.4464,1.086342,-3.057081,3
76.46107,5.809236,33.37229,2
91.75176,-16.92575,12.40625,3
104.6346,-12.81956,17.59947,3
48.61181,22.95669,-35.82858,2
105.618,3.948436,20.85663,3
86.58481,-6.177928,35.82609,1
89.41791,-5.999553,20.49261,3
100.5673,-10.46433,-3.031343,3
78.94648,-2.979599,3.288791,2
101.7437,-16.18271,14.11602,3
86.07484,-15.43281,37.45308,1
98.12272,-17.88509,19.3728,3
108.0435,-3.204931,-1.011476,3
71.49,7.020212,37.42484,2
84.97157,-1.882474,24.85276,2
79.53103,-15.74574,40.89251,1
101.328,-31.11894,-0.05267321,0
63.29624,-7.762391,-1.550836,2
108.7695,-22.0995,17.88228,3
77.05874,-22.49673,52.72979,1
97.41281,-12.4066,-3.397508,3
112.2992,-4.25985,21.52405,3
51.21342,-23.28555,0.7911392,0
94.99625,-10.06713,47.82702,1
95.84532,-9.27134,41.78069,1
111.6807,7.252777,13.62941,3
74.72108,-5.767364,39.27378,1
99.73762,3.412453,-22.41178,3
87.71984,-4.954386,-4.673874,3
85.93147,-9.593073,4.952257,3
81.68441,-0.8582891,18.66962,2
70.44134,3.361857,33.04995,2
99.56037,3.896127,39.12022,3
73.31045,-26.52082,38.68989,1
94.00387,4.970641,20.79711,3
109.1424,-5.536267,16.56866,3
90.8539,0.4618012,20.4154,3
97.2297,-20.8139,-16.8589,0
72.82191,-25.78299,43.53398,1
66.91418,-20.41765,51.72104,1
75.0824,4.89722,12.44398,2
94.67999,-12.00085,-3.298354,3
101.2881,-2.822725,12.58089,3
98.61288,-8.296835,15.52186,3
102.4408,-22.15184,7.261871,3
78.78557,-5.927457,40.49632,1
96.9946,-7.914238,16.90412,3
96.18675,-20.79859,19.31791,1
64.01182,-0.8036301,15.00636,2
99.36745,-8.375041,-23.09934,3
91.52528,-10.32631,3.84207,3
96.85105,-18.47037,-9.488458,3
104.1468,-12.50578,-27.66945,3
93.63123,-23.91142,46.40388,1
90.92081,-0.2191326,12.38966,3
108.7918,-3.630802,-4.824803,3
96.35851,-14.2929,26.64422,1
84.91077,-24.84584,19.1088,0
93.24717,6.011459,15.41479,3
73.56666,-15.88598,15.17551,0
84.80927,-15.93686,38.46741,1
95.06952,-4.425653,19.32331,3
99.16525,-0.958976,19.91718,3
79.02361,1.467115,37.08656,1
98.42928,2.429327,18.72651,3
96.30858,3.526977,35.26237,3
73.14283,-5.710555,1.216157,2
79.23923,4.644939,7.898122,2
96.24814,1.469729,-1.823759,3
79.99417,-7.639702,-8.92578,2
71.59409,-39.23073,52.23212,1
89.45638,0.9751077,11.90776,3
87.13699,-6.430851,16.36765,3
77.79991,-20.20628,35.77656,1
93.58143,-2.13114,17.36409,3
100.539,-15.33569,42.82153,1
102.8444,-5.874969,15.48706,3
97.2636,-2.093862,19.2982,3
79.01266,6.041039,1.881245,2
92.408,-9.753114,19.4738,3
92.78195,-9.876419,23.93086,1
96.31792,-2.182438,14.84179,3
94.74157,-9.215077,4.31588,3
88.19687,-16.7448,48.73932,1
56.84576,-24.35442,4.373169,0
95.62751,1.911412,15.28957,3
75.49254,-9.853695,-5.711915,2
105.9925,-12.52742,19.05752,3
82.49197,-14.50765,15.22989,0
70.87973,-15.88488,8.258183,0
86.533,-14.13116,20.39296,1
99.51361,0.970148,33.44373,3
98.63628,-8.425679,34.846,1
95.87293,-26.11417,-35.52515,0
82.90388,-19.69554,1.712837,0
86.9266,-0.5893649,11.29436,3
102.2203,-14.55011,12.47601,3
68.83788,-7.242887,23.78534,2
96.11063,-4.731295,20.86366,3
95.91801,-15.48742,15.84556,3
106.7205,-16.79329,14.12809,3
81.15331,-1.93653,-1.928349,2
94.464,0.3193387,-5.36759,3
101.9915,6.459922,-0.9777659,3
107.4808,-2.713377,8.276575,3
105.372,4.98888,18.78615,3
103.1238,1.754747,35.79463,3
82.41508,-18.49221,3.776097,0
92.43473,-22.71493,27.80093,1
93.00455,-11.9555,16.7115,3
93.06366,8.181875,17.35916,3
82.62683,-21.71443,38.96494,1
87.43473,-25.39955,31.98849,1
97.6321,-1.265352,20.64936,3
64.90707,2.434797,10.20363,2
95.2298,-23.73446,12.5679,0
90.9978,-30.87158,3.602983,0
100.6037,-12.4574,16.87144,3
94.3905,-13.48923,21.24064,3
107.1382,-1.911908,9.830054,3
99.69734,4.134761,18.56617,3
103.4313,-19.00045,17.21645,3
84.57651,-0.4623146,38.02201,1
97.07044,-23.28736,-0.5692893,0
104.8535,0.3142526,36.54441,3
79.46579,5.230626,-23.53012,2
83.69046,3.719026,19.67869,2
71.77962,10.16037,1.412038,2
83.53831,-30.08445,10.36556,0
97.62228,7.926112,19.44163,3
103.1234,-0.9798154,20.71371,3
78.19569,-4.007712,12.58042,2
97.98537,-5.011546,8.384903,3
66.99661,-10.46252,-4.997656,2
99.83,-10.82589,41.88388,1
97.89404,-10.44055,20.7327,3
55.21838,7.163674,-2.556308,2
106.8088,-10.35729,15.43705,3
88.79766,-23.59069,4.981961,0
85.89378,-21.7702,50.03176,1
66.47604,4.000319,-18.64373,2
100.8939,1.066022,15.12553,3
92.54238,-33.21788,-20.07296,0
96.81462,-5.592497,-13.10202,3
94.79945,-7.85031,2.666055,3
102.1762,-5.200392,11.43632,3
93.98228,-19.17902,27.15858,1
73.04327,7.103804,30.78109,2
70.70311,-25.67328,6.48554,0
81.20328,-16.70974,37.83669,1
86.50858,-9.870669,17.13575,3
90.95432,-11.69083,-4.739197,3
107.0688,-3.925234,-9.364668,3
105.9373,-3.717265,-6.204206,3
94.103,-13.42551,1.913653,3
84.30006,10.90386,17.49817,2
105.7663,-2.38447,-27.94091,3
100.59,-17.03483,23.04563,3
93.78764,-3.140101,-24.25262,3
65.10944,8.336488,1.406656,2
76.2065,0.3880038,18.47701,2
71.75873,-2.401709,22.67829,2
50.98995,15.05093,1.20246,2
101.624,-10.75965,19.59862,3
84.4361,-14.03791,15.68505,1
58.99003,-34.03118,15.31611,0
52.84252,-66.42275,-158.1919,0
90.0518,1.281874,15.91623,3
102.7372,-0.0993575,-5.268408,3
87.99418,-0.136196,31.45355,1
103.7092,-14.00251,14.56689,3
98.29743,-1.168283,14.48778,3
97.86217,-2.600729,-6.442398,3
93.71234,-8.319179,-3.660136,3
77.36261,2.141627,23.0753,2
92.93536,-27.94005,14.2132,0
81.53827,-15.32872,37.49509,1
105.7104,1.671747,17.68676,3
89.82903,-6.677433,41.447,1
94.70303,-12.2357,11.23929,3
73.0169,-10.90269,45.66441,1
92.67521,-14.78226,41.15799,1
86.80247,-3.141099,40.80713,1
92.3683,-4.217422,20.3962,3
108.7013,-9.308806,31.17661,3
88.32618,-5.148222,37.84591,1
93.44493,-23.23643,44.8033,1
98.44733,-10.0575,-3.925151,3
75.99171,-11.33503,20.7541,1
96.90095,-10.95992,21.49689,3
110.0945,-0.1042144,-3.194208,3
87.22523,-14.36962,46.15412,1
75.03139,8.511694,-5.875865,2
94.90376,-11.67048,10.99465,3
92.28237,-23.18288,19.3521,1
95.86359,1.982819,15.44149,3
86.52441,-43.52744,0.8884015,0
100.0458,-0.9696686,16.80716,3
81.54505,-8.682408,13.35116,2
80.7998,-6.225479,-6.605557,2
105.121,-11.73638,-15.74257,3
94.99629,-20.97641,12.19687,3
66.31895,-53.56588,0.2962652,0
94.37849,-3.408126,-31.14226,3
91.03643,0.6899064,18.25898,3
110.3522,0.8702306,16.19147,3
111.1114,3.464021,10.83896,3
84.09618,-6.766358,10.50096,2
93.49841,-12.68111,16.44358,3
76.9055,1.63305,11.6373,2
75.65687,-19.38102,16.67298,0
97.77607,0.6927704,10.9207,3
102.3663,-2.323552,-11.8923,3
73.88355,10.08869,2.541196,2
81.24303,-31.2609,8.297822,0
101.7928,3.870381,22.98516,3
105.259,-0.6092031,20.10853,3
93.15722,3.963146,-21.4462,3
65.60378,-15.80483,0.68094,0
77.04955,-0.392732,21.33098,2
93.80693,-3.302791,-23.65401,3
85.0641,5.041825,37.07207,1
98.74969,0.9610551,15.3588,3
97.16712,-19.35728,-11.17316,3
90.65761,-3.757615,9.062059,3
77.68832,-29.17329,21.80368,0
89.25023,-7.347166,-23.545,3
84.34241,-18.37463,1.402016,0
87.92403,-5.371005,6.278162,3
93.38844,-3.255654,32.13849,1
94.87578,-9.974811,-3.859344,3
99.25498,-17.23694,24.53958,1
89.55664,-7.852971,16.11523,3
102.8895,-21.81836,-21.03122,3
97.43373,-2.118781,19.08115,3
105.3494,0.2563101,14.75089,3
101.035,-10.15666,23.02259,3
81.2208,-17.37767,44.77531,1
107.5622,1.710847,18.32104,3
86.17468,-9.962671,12.11539,3
92.69718,-19.57086,1.722841,0
87.65186,-8.619074,-7.758449,3
79.36255,-24.55497,0.6358652,0
54.02462,11.69988,-6.148647,2
100.7021,-9.170351,11.22884,3
102.6958,2.062657,-2.867523,3
76.9086,7.205357,-0.4778599,2
98.36934,-10.22279,17.13533,3
84.51495,-19.22954,33.99538,1
93.89603,-12.97297,47.13855,1
89.38876,-5.408527,42.9034,1
59.01963,-21.71207,5.972647,0
96.31544,-18.3627,8.173261,3
66.62466,6.948498,9.573923,2
87.9537,-3.734456,41.34504,1
97.1223,-14.22638,-6.185783,3
76.57199,-14.64473,18.81306,0
100.8921,-4.80445,-0.9200299,3
89.7023,-2.689342,22.83992,3
96.82413,4.473629,12.43462,3
89.43733,0.1113703,-23.86052,3
88.43829,-2.21668,10.03269,3
76.80657,5.454079,12.27672,2
96.49885,-7.003219,-2.77618,3
93.35681,2.166744,39.25248,1
82.47063,1.642908,16.93244,2
101.199,-7.460498,0.3412296,3
91.49168,-19.27821,19.86953,1
89.93584,-21.77941,-12.41123,0
79.55,0.4227312,-3.670343,2
96.3013,1.295921,19.0284,3
94.9418,1.714053,17.90076,3
83.28183,7.174276,22.18189,2
95.59412,-7.593082,6.168181,3
100.539,-6.748868,20.6747,3
100.6904,1.835866,13.51505,3
82.73701,-5.637341,4.135799,2
88.44537,-6.418366,-21.29443,3
101.8347,3.89694,-1.792811,3
87.98498,5.627026,-9.341856,2
81.0006,-0.7678068,23.71347,2
107.9014,-0.5884773,16.02771,3
95.89344,-1.189402,-21.89107,3
101.7862,-2.743693,-24.9587,3
96.2429,-7.414783,43.64596,1
94.97058,-3.089457,18.4618,3
63.0573,-7.634408,-2.102914,2
87.08652,-19.88291,54.22212,1
101.4973,-22.54147,-9.133897,3
99.86996,2.500521,19.28074,3
75.53947,-11.27768,4.964324,2
73.52876,-26.62741,38.02554,1
94.77489,-17.21298,22.6161,1
92.94332,-5.609499,36.6709,1
89.62713,-32.71655,-3.243296,0
96.71056,-2.163882,19.59042,3
82.10536,-4.229512,21.21056,2
101.2173,0.6336175,19.38877,3
91.98916,-17.3078,13.97839,3
86.02303,-5.81443,37.08701,1
98.83307,-18.94066,3.91894,3
64.86072,-2.341475,7.611655,2
64.09657,-18.15893,7.780809,0
66.69286,-40.19567,64.69409,1
96.43877,-0.4133822,-4.422143,3
72.64856,-0.3259091,40.68892,1
81.31444,5.565379,22.70375,2
91.55294,8.181247,14.95896,3
94.46491,-14.17672,31.00193,1
89.37157,-18.09021,39.2536,1
101.7349,-10.90224,-2.825643,3
71.39551,7.280091,13.15718,2
87.89725,-19.86142,13.18825,0
70.92953,1.343052,38.56617,2
105.2382,5.878852,17.31813,3
104.5193,-12.99805,26.78037,3
69.30811,0.4935937,9.934104,2
76.95576,-13.44448,-17.03524,0
105.8415,-4.754801,20.70113,3
71.68423,4.68886,-26.55671,2
82.36262,-32.79942,45.1529,1
91.7863,1.299163,-0.03942324,3
72.92139,-7.653831,45.83287,1
77.18312,-1.220791,1.299587,2
110.4803,1.756037,16.26459,3
94.90863,-12.13424,18.74536,3
70.70061,-21.3566,45.49028,1
84.30518,-4.604711,-1.393551,2
92.36971,-18.42289,-6.307094,0
65.54922,-23.84276,3.702251,0
101.0464,-3.166279,36.76311,1
63.4362,-13.57605,-1.810792,0
56.46544,19.93482,4.437723,2
53.10159,-9.334249,-4.917751,2
104.3373,4.080597,13.43188,3
109.0899,-12.29863,13.34668,3
100.1951,-18.71971,2.206663,3
97.95408,-1.312863,18.55943,3
100.8687,-18.40884,-2.391922,3
107.2031,5.05152,17.37062,3
83.81713,6.084594,-22.82676,2
70.22527,6.70052,-12.42408,2
83.5404,-0.9344898,19.31581,2
97.90989,-24.60678,44.84736,1
96.77148,3.067835,21.99431,3
97.59912,-25.16695,-30.84376,0
87.16635,2.574509,19.54333,2
87.7026,-36.48524,49.56108,1
81.52626,-14.14792,15.679,0
104.9489,-2.191557,-1.835183,3
85.64319,-43.19992,61.55667,1
103.6378,0.6718429,-3.928742,3
85.89727,-25.39725,-8.842061,0
108.2908,-6.16728,8.380373,3
98.12052,-3.296228,11.12233,3
90.59821,-6.621157,-2.722729,3
101.7915,1.551252,-2.03156,3
99.47815,-14.00954,-0.5158347,3
101.1452,-10.49941,23.09418,3
75.94553,-2.474216,19.82556,2
95.66904,-25.22269,-4.830728,0
95.53156,-28.91932,-2.456027,0
106.4246,-9.040511,12.04421,3
99.78218,4.633735,19.34456,3
99.68803,-9.675306,32.50187,1
73.80108,-11.08442,8.841558,2
72.33022,5.153028,39.4758,2
88.97746,-9.668582,-5.691152,3
87.05957,-0.1968651,-3.624084,2
83.47791,6.222785,11.31668,2
97.15302,-18.90767,17.73599,3
106.7893,-23.00598,15.1547,3
104.0398,-5.120576,22.63633,3
105.7715,-6.596772,-0.1667744,3
94.1935,-39.01748,4.853097,0
94.97919,-4.728787,-30.24343,3
103.5432,-2.736949,-7.839829,3
103.4456,1.951366,12.82972,3
85.11925,-26.92036,22.63093,0
108.938,-4.201592,-2.238742,3
97.07806,-6.286448,15.49131,3
79.77898,-9.939798,0.742834,2
101.7277,-2.286875,-2.172797,3
97.23264,3.95593,38.52846,3
105.0502,-6.208162,-5.5514,3
95.25476,-9.743238,16.99524,3
101.164,-0.7766619,-6.869532,3
105.5717,-1.196972,40.32611,3
82.34878,-15.91244,-19.59246,0
92.52103,-1.639743,-2.460339,3
88.66644,-15.46798,-34.76282,0
105.7545,0.597315,23.17535,3
75.64384,6.303506,-19.71245,2
82.75092,-6.318696,-6.223067,2
109.2304,2.935267,15.40825,3
90.9119,4.069475,0.3095613,3
95.91189,-1.265391,14.72302,3
88.61449,0.5880435,35.93498,1
81.96573,8.714953,13.71706,2
83.50536,-9.553604,5.585635,2
86.72366,-4.167593,42.65421,1
92.00801,-19.92641,31.5563,1
88.90721,-20.69774,-9.716335,0
67.47157,-18.87399,14.08711,0
73.39416,-3.187495,45.32597,1
87.04081,6.644131,-3.586746,2
83.78722,-32.84969,48.09053,1
89.3339,3.786808,-1.125833,3
78.49091,-4.889607,-2.485657,2
92.86687,-5.359858,12.0521,3
100.0434,-1.685259,20.93618,3
66.81084,-27.9599,14.94696,0
83.08419,5.660867,39.69235,1
85.86294,-17.33801,-5.769282,0
73.94365,-56.56273,13.63571,0
87.4827,-4.301106,18.3213,3
88.54711,-10.4362,44.40409,1
80.45617,-15.73462,-0.1836741,0
71.54841,11.47764,-13.88438,2
104.6403,-23.11475,17.08457,3
99.94397,3.728735,2.143949,3
87.34641,-32.77285,4.591071,0
85.64871,0.3934361,-4.380107,2
70.55568,-21.13794,57.49611,1
72.9001,-2.291528,-8.248503,2
103.8189,-13.11428,-24.64056,3
99.6215,-22.20322,26.41688,1
102.7053,-10.47409,0.6546812,3
97.33945,1.316822,19.68192,3
99.07478,-4.310515,17.10902,3
100.5904,-15.58825,11.35157,3
84.24078,-17.28524,15.49819,0
91.57312,-40.38662,7.52604,0
80.92527,2.278855,35.9874,1
86.60527,-2.365419,1.425817,2
95.79264,-3.11413,21.94733,3
100.0022,-12.68804,-5.362127,3
70.63679,-15.17045,17.54065,0
96.23418,-19.64122,20.88791,1
105.2371,-19.394,-5.050523,3
107.8053,-25.50187,13.16519,3
87.61582,-13.61828,41.74559,1
76.76215,-19.78918,50.228,1
92.81282,-3.465696,-4.160324,3
83.19792,-24.71633,45.12963,1
99.66725,-1.152897,9.07501,3
84.09068,-29.64271,53.65881,1
95.4352,-12.58011,-24.64945,3
94.71991,1.987049,10.93779,3
87.07188,-6.079097,15.6784,3
95.53197,-14.8952,18.58836,3
85.33003,1.430279,5.819515,2
98.28761,-18.0149,26.83344,1
98.52083,-19.04149,-0.1848107,3
55.1832,0.3064671,5.324034,2
95.91837,-22.40861,3.526932,0
103.751,-15.63598,-24.14302,3
75.51613,4.22191,27.18539,2
91.27729,4.631584,14.3139,3
86.53455,-19.37066,29.22988,1
66.14107,-26.39729,18.47539,0
112.3758,-6.243829,2.58229,3
78.87406,-25.50262,43.66971,1
76.72212,4.721313,11.76471,2
95.34602,-0.8357939,17.98493,3
72.22066,8.059835,16.08628,2
84.84441,-4.90645,24.3297,1
104.0378,-12.8019,31.62058,1
92.32198,-17.44749,4.95576,3
97.89048,1.393939,21.2201,3
95.14626,-10.88809,-9.695962,3
79.06953,-24.99081,14.49215,0
102.7379,-2.366794,11.01048,3
76.87375,-25.73082,47.13137,1
75.87273,1.973597,18.51801,2
102.6847,4.088439,-2.396738,3
35.67761,30.34136,39.84094,2
99.29521,-18.40258,-19.15742,3
97.94821,-13.12915,47.87827,1
84.59818,-7.111538,10.67951,2
109.437,4.760477,0.7321679,3
71.19958,-12.91083,-11.52704,0
102.4979,-4.161084,11.86598,3
86.64566,-21.1413,2.158475,0
88.72108,-34.08551,13.03408,0
106.6936,-17.53112,46.28368,1
92.58015,-6.072911,-3.484499,3
95.47408,-8.148643,25.49073,3
100.3137,-7.089204,-29.52961,3
106.6391,-2.653121,-4.244422,3
103.7033,-6.408068,20.48709,3
95.97946,-16.41107,25.16469,1
86.60483,-32.52317,4.186996,0
83.06549,-10.10945,7.662752,2
84.55642,6.728013,-16.24586,2
93.83244,-15.95427,-5.211828,3
90.02743,-12.35835,16.60891,3
84.8118,9.043239,14.1333,2
100.7363,1.806487,-1.698436,3
88.88006,-13.48169,7.590302,3
107.6695,-4.680866,16.93116,3
93.02471,-18.47751,14.07758,3
109.6444,-5.100722,-6.414545,3
67.26937,-10.02279,-5.71839,2
77.79857,-9.17524,24.60304,1
102.0193,-3.892038,16.50558,3
90.43844,-14.76142,13.75962,3
89.19053,-19.1234,18.63345,1
81.21639,-2.197737,-1.811218,2
103.2817,-11.92608,41.01443,1
88.90929,3.998474,16.46704,3
94.55151,-10.0586,18.27779,3
86.56456,-10.15214,17.12388,3
80.41017,-1.440745,34.20579,1
102.192,-6.795809,-16.58975,3
89.53591,-13.50257,25.4121,1
96.54989,2.404835,10.02316,3
86.45409,-14.41139,-4.995033,0
99.60305,-11.7609,-4.237381,3
98.81925,4.333608,20.70788,3
104.2328,-7.978165,10.70856,3
91.31314,-2.16869,14.20107,3
100.6305,5.480364,14.10475,3
71.10878,-8.832664,-22.684,2
79.1273,-17.74667,12.56547,0
91.224,-13.66391,20.2916,1
71.24501,-9.230264,41.40947,1
96.23195,-14.59543,15.85821,3
94.09703,-1.192568,22.7766,3
81.28325,-14.84207,5.857777,0
73.74357,-5.620792,-17.71821,2
103.7166,-2.38863,20.27597,3
92.37221,-14.68051,25.62348,1
100.2876,-3.625564,24.90579,3
93.88628,-10.95337,38.9774,1
76.25582,3.374932,12.65924,2
78.47134,-4.34736,24.40514,2
85.04977,-17.25135,18.79539,1
88.60741,-14.90292,16.7149,1
92.29543,-9.83795,10.356,3
64.23427,-24.32956,4.58585,0
95.36261,-11.76469,13.11668,3
78.3671,-18.48923,-9.244524,0
95.81461,0.8670121,39.52628,1
75.22649,1.90384,2.951839,2
80.79588,-14.84829,17.56167,1
101.3952,3.285131,-2.220431,3
77.47483,-15.13451,-2.671613,0
91.7667,-18.89623,49.82219,1
88.91309,-11.87558,46.32745,1
97.94186,6.982996,14.75401,3
82.15977,-19.91951,35.4185,1
91.92248,-4.298532,18.44941,3
104.8319,2.320338,17.39155,3
79.14551,-2.859406,17.56057,2
88.08656,-11.48728,2.088056,3
80.46808,3.449899,14.96944,2
97.87379,-2.114011,16.69934,3
96.74454,-11.62648,12.84423,3
87.32391,-15.64303,33.38782,1
69.09331,2.496699,3.173423,2
68.75005,-3.222047,0.2711778,2
80.13935,-0.4617271,17.15371,2
99.64635,-17.81621,25.81717,1
80.32755,8.106154,25.47743,2
65.86963,-1.609756,32.2221,2
89.91605,-14.12433,-6.977695,3
71.78649,-18.13844,-4.029048,0
101.4237,-6.040277,-7.230081,3
92.95722,-23.77424,54.40271,1
98.55347,-1.24108,-3.262677,3
103.7337,2.930186,23.14599,3
106.4197,-0.958424,-4.485667,3
99.68739,-10.02809,-0.9846662,3
59.73291,-20.93689,3.11348,0
87.99251,-7.448851,14.18617,3
93.71513,2.868955,32.86819,3
82.0559,2.461334,37.91806,1
100.8486,0.7837945,-17.58908,3
78.85511,-1.092166,4.195287,2
83.34399,-13.00072,40.5069,1
95.14268,-8.322839,-5.129286,3
105.6177,5.548268,11.81577,3
103.7735,-3.562382,38.5221,1
86.92495,2.512477,16.65037,2
97.4609,-6.745969,26.7605,3
98.09678,-6.947846,1.093459,3
96.40686,-6.714303,12.52017,3
88.51537,-5.73665,4.809905,3
76.59424,-28.99054,11.83264,0
91.59317,2.742886,-1.819095,3
80.36092,-4.298851,43.51379,1
69.48379,-2.502345,15.03997,2
86.80389,-15.29332,16.63328,1
87.23891,2.349129,-5.572519,2
97.50912,-21.29741,16.22941,3
80.63448,-1.369533,16.41256,2
98.5644,3.941384,-4.635957,3
90.2716,-6.118673,-2.883475,3
86.47881,-7.448913,4.746287,3
84.46651,-7.486582,38.9147,1
103.4865,-2.605862,-6.6603,3
65.96954,10.19481,-10.73334,2
73.34486,-13.16361,17.24229,2
99.54989,-9.043038,-2.537212,3
93.77894,-13.85232,-9.966912,3
93.85938,1.0651,13.90307,3
103.4668,-5.441367,18.79782,3
97.75497,7.472713,11.00102,3
99.73534,-0.4883324,-3.76993,3
84.45598,-15.71477,-2.948644,0
81.04188,-6.808072,17.07819,2
74.5743,-3.678154,-32.50383,2
94.50367,-17.81632,14.18012,3
93.35598,-14.08616,21.91521,1
84.35527,2.033265,16.21737,2
110.551,-2.073256,18.48529,3
96.36378,-3.389119,19.73848,3
71.8168,-6.298164,3.675268,2
95.24442,-10.26795,29.46864,1
74.40239,-6.578302,17.58569,2
104.8863,-25.34762,4.649826,3
72.91905,-17.35723,49.92908,1
90.64705,-24.39554,14.02426,0
82.57861,-16.0568,2.480868,0
88.67801,-9.59106,14.3528,3
112.0346,-5.828976,19.93966,3
66.46993,-12.49993,-6.495104,0
73.51108,-22.54931,50.13005,1
94.40222,-3.922216,34.11881,1
91.77756,-12.9829,3.441096,3
82.162,-20.75208,26.74743,1
64.35349,-16.27385,8.258661,0
84.41328,-1.103627,26.80393,1
97.7038,-7.72728,38.42559,1
73.05283,6.043077,-18.17169,2
99.64816,-11.46078,14.83289,3
87.97416,-13.53745,15.05778,3
94.89324,0.1648526,36.55242,1
74.9748,-19.7734,13.07234,0
90.41322,-6.731387,15.6251,3
101.3616,0.1412987,13.89279,3
94.67266,4.973686,19.89075,3
89.36759,2.479168,-2.829327,3
64.86314,-27.55582,27.30883,0
86.25205,-43.12413,64.70544,1
101.9455,-14.69814,16.25741,3
112.0082,0.959487,13.97294,3
78.1298,0.7482846,18.29987,2
78.43404,-3.745781,16.55399,2
84.04736,-18.68065,34.8037,1
96.70203,-17.63651,19.08343,3
72.36705,4.279779,39.93279,2
67.86221,9.767459,-1.943756,2
108.2405,-9.57423,-2.285944,3
82.10721,-13.82638,1.389294,0
68.2873,-10.71679,43.29468,1
102.7282,-8.002497,-4.914708,3
74.42198,8.792861,1.311197,2
82.43706,-0.647337,-7.769714,2
94.9365,-16.10074,16.64525,3
99.05408,-5.78574,40.13638,1
100.4567,-6.274044,21.75706,3
94.10062,-8.23264,-7.788108,3
74.3565,-1.63628,-0.8971955,2
82.80182,-14.45376,10.79246,0
104.1372,-1.217682,41.48136,1
70.87722,-3.277048,25.58461,2
52.9559,-39.4486,9.481688,0
91.80684,6.585658,32.65912,3
42.27972,-45.84678,-15.34336,0
89.81487,-0.6701204,-4.970734,3
75.10619,-0.854053,19.82656,2
95.14856,-15.37726,36.62049,1
90.71207,-11.92124,42.18406,1
85.33311,2.896885,12.1847,2
92.22802,-30.7595,43.08612,1
90.20052,6.954372,11.13636,3
96.05939,-31.68045,8.785018,0
101.2644,-9.682364,40.08582,1
76.17571,7.351528,19.66451,2
99.10365,-3.135203,18.76013,3
81.53605,-7.75066,2.482332,2
70.03353,4.42471,-14.64591,2
102.1984,-2.324893,17.49743,3
94.59848,-7.203058,44.68964,1
91.10731,-7.005524,-6.716856,3
80.58168,-0.2622185,24.26432,2
92.97247,-0.932459,10.88917,3
81.92813,-20.38166,55.50119,1
88.95222,-27.0717,22.50264,1
96.68375,0.4237483,14.66896,3
90.67769,6.605231,16.40382,3
92.81215,-17.69184,-7.550771,0
93.20616,-4.241561,16.61833,3
88.59815,-22.1345,13.29235,0
82.16371,-17.12781,12.36488,0
90.15636,-25.40341,3.454472,0
72.67036,-17.86231,23.72284,1
76.12567,-48.61554,12.86251,0
69.68402,-13.42214,41.26221,1
90.8093,-7.633667,37.18325,1
68.67332,4.3017,12.72977,2
99.59937,3.015626,35.34221,3
92.46378,-2.258847,16.94273,3
92.5045,-17.11173,-10.94292,0
69.50391,-6.729814,18.03873,2
70.93894,-38.14531,49.79015,1
72.73951,-17.78011,-26.48979,0
83.60348,-15.071,43.75932,1
84.23632,-30.49709,14.2286,0
88.60802,-9.62583,11.00369,3
99.35667,-7.582666,29.99294,3
92.50227,-13.78281,8.461978,3
83.8702,-2.156479,-22.77761,2
79.89428,-19.19494,45.67479,1
96.76472,-23.30811,40.78722,1
89.80805,5.159101,1.160703,3
80.30738,4.260159,-8.420341,2
107.1916,-12.34134,-5.100162,3
78.26976,3.898365,-1.674564,2
89.66467,0.5596279,18.13567,3
95.26982,-17.26852,23.31488,1
89.63512,-13.71033,16.77833,3
49.03803,23.68891,6.747252,2
101.4603,-10.94212,-29.93853,3
86.69971,-9.947058,51.3233,1
94.61922,-2.130084,15.76173,3
49.92283,14.58879,2.388198,2
99.97493,-22.83217,-6.066686,3
95.16528,-11.33436,21.36031,3
91.22861,-27.69816,-1.591506,0
92.7367,-17.72967,16.19879,3
96.37679,-25.22552,22.3279,1
106.4935,-0.6792859,-6.659297,3
99.13507,4.561614,-5.526384,3
98.17993,-7.022437,41.72587,1
92.76124,-5.473746,-2.006306,3
95.69518,-6.398099,39.77275,1
78.95815,6.916773,-0.6455806,2
102.5111,-10.74436,1.398178,3
96.32172,-0.2445809,23.67794,3
102.9182,-7.047637,24.24313,3
73.56423,-16.68724,8.230658,0
65.39478,-21.3164,34.08129,1
94.01466,-15.36725,27.83282,1
99.04765,-13.6827,17.90668,3
108.6794,-10.76723,6.805016,3
110.9007,7.081036,18.98292,3
94.49139,5.511749,12.73421,3
100.8462,-7.33251,38.73058,1
97.81039,-8.936196,12.94608,3
91.15241,4.702619,18.93072,3
87.15067,0.6744928,24.39629,3
97.79742,2.824238,-21.15835,3
87.63474,-4.899998,20.05685,3
51.46947,-23.86812,-23.28329,0
69.62486,-18.91268,2.375577,0
71.10925,4.723552,-2.836079,2
76.95132,-1.000939,2.987355,2
59.93468,12.08939,12.91522,2
85.90585,-7.223345,14.73786,3
104.8205,-0.6646763,-0.8881034,3
91.85917,-7.122124,15.35814,3
96.85912,-3.210262,20.06098,3
88.19521,-7.306173,44.4971,1
99.8894,-10.11915,10.58688,3
89.55951,-24.61341,30.142,1
107.0411,-6.839148,22.49437,3
89.32299,-2.036643,14.03962,3
95.28094,-9.392156,19.37889,3
85.59196,-2.023647,39.93851,1
75.70227,-3.246001,-20.8936,2
97.1479,-17.26792,11.01406,3
95.99325,-2.677556,-11.60587,3
39.96606,-66.3231,3.040668,0
90.46297,1.936581,-3.344672,3
94.61672,-32.21902,2.501689,0
89.02935,-0.262988,-17.2541,3
102.9401,7.444438,13.77554,3
88.1348,-24.45837,22.51978,1
100.0873,0.1839935,18.40936,3
59.80445,-62.73707,31.647,0
103.9684,1.757017,-0.1011278,3
93.19015,-10.01389,8.479865,3
86.91748,-10.40088,45.5333,1
53.37966,-47.22206,24.87268,0
89.20202,-8.106977,19.96678,3
81.72561,-6.264128,-28.58444,2
87.89767,-3.100695,19.33535,3
89.22031,3.134438,17.07513,3
74.73437,-37.3992,60.91532,1
100.6567,-8.697726,16.4771,3
82.96867,-31.59281,16.0085,0
81.56824,-13.57916,-3.994874,0
91.40854,-38.26028,11.6787,0
104.5691,-11.46982,19.28857,3
92.87416,-13.48282,13.16394,3
75.06601,9.846875,3.519272,2
101.998,-13.51818,19.93909,3
94.71317,-14.21707,48.02371,1
105.5015,2.348138,20.11202,3
106.7037,-0.9842086,19.72744,3
99.87469,-4.201455,40.87817,1
99.35989,-4.886206,36.66582,1
85.1887,-3.521572,20.55192,2
64.38496,-4.215193,11.72085,2
56.39489,6.810389,38.12638,2
100.021,-4.825544,-24.14787,3
109.7474,-14.3302,-18.28674,3
57.99148,11.74457,17.57121,2
108.9763,4.309183,17.04418,3
88.00898,-24.54583,29.20164,1
88.42106,-28.25584,83.96001,1
91.26125,-17.10187,22.00941,1
96.91693,-21.07659,42.35193,1
58.18483,-54.42157,1.168578,0
89.67604,-12.86234,19.27636,1
104.4137,5.444861,17.01478,3
90.89423,7.630811,24.90613,3
102.6073,-1.556304,-10.06165,3
81.70674,-24.16359,20.68821,0
74.00156,-14.36733,42.59061,1
74.28831,5.93204,-9.559955,2
86.03689,9.238077,8.416891,2
102.7603,6.078176,15.63345,3
107.3626,0.9912102,20.99192,3
94.18132,-12.66726,20.45042,3
88.49122,-20.52001,5.072531,0
108.2749,1.233944,18.69787,3
71.50105,-6.522154,-1.982957,2
99.29617,-13.13462,18.32651,3
66.74164,-21.31089,-0.5443342,0
86.23077,7.198163,12.13471,2
90.35308,-30.40986,11.56612,0
99.35795,-2.82441,41.40794,1
50.1424,-41.60578,-15.55596,0
86.38548,-30.3843,-7.958767,0
100.5985,-9.015358,18.24367,3
102.3373,3.610622,38.85323,3
74.40922,-18.74694,22.49297,0
73.24055,-25.45839,9.216141,0
72.60162,-11.07597,37.48085,1
88.10387,-0.8807991,17.3234,3
82.03908,1.907063,-1.064597,2
100.2427,5.175375,19.82394,3
94.71295,-22.18487,-6.928192,0
97.83197,-6.232299,43.40355,1
93.37126,-6.956586,15.78067,3
84.12631,-6.589296,2.593643,2
102.4826,-12.03143,3.571252,3
82.01931,-9.63087,9.790751,2
99.80462,-7.623861,-6.68332,3
72.71327,-23.40382,-26.60334,0
104.5475,6.871045,18.4585,3
84.94813,-24.73328,29.72531,1
71.95929,-2.020844,-0.3068159,2
74.46146,1.504496,1.77644,2
101.01,-17.82195,16.09407,3
74.36653,-14.65774,17.33809,0
106.0092,-15.71828,13.71462,3
96.1594,-7.010458,21.21443,3
100.0919,-1.920076,41.07751,1
77.83427,-6.962902,10.87347,2
96.93521,-19.519,51.07323,1
110.005,-0.4536818,37.01178,3
86.48402,-9.289718,39.73117,1
88.29736,-18.00723,9.863035,0
93.70148,-3.746694,36.02256,1
91.69129,-4.452516,23.68696,3
92.06886,-0.5148857,22.47716,3
86.28955,-22.98365,4.781344,0
99.4804,-0.8302382,-0.8721983,3
80.53895,-16.46042,-35.90155,0
101.859,-18.15307,-2.365023,3
74.21042,-10.63584,37.9969,1
102.5873,-3.645417,44.73306,1
81.0796,7.950324,22.14055,2
102.4651,5.040134,-2.667209,3
95.20588,-14.26668,-5.644564,3
113.2818,-1.136944,20.56743,3
100.2001,-25.13738,0.7244364,0
87.92891,-18.40617,39.83518,1
100.3146,5.336988,32.28267,3
76.38838,-9.387109,15.1732,2
72.40077,-5.45396,37.68645,1
93.06637,3.351818,22.86777,3
92.36843,-18.26557,40.78094,1
108.4564,-18.96241,-0.5313638,3
93.3811,-12.17829,19.70787,3
90.77083,-20.21246,24.26905,1
85.34566,-17.14291,19.19296,1
82.1562,2.375081,14.86945,2
89.79642,1.590965,-27.45449,3
103.8926,-13.51384,-5.464453,3
111.9424,1.515096,13.64811,3
105.7987,-7.390924,-3.565043,3
83.90564,7.890823,17.47485,2
69.83129,1.449712,9.72566,2
98.45893,-2.957533,11.14147,3
85.26901,-5.905473,-7.21141,2
88.54379,-17.17819,40.3684,1
64.59417,-10.97797,11.86887,2
71.37078,8.461042,21.38781,2
81.67469,-10.52283,23.2341,1
101.3047,-11.86776,-21.75122,3
95.1177,-6.046392,35.97711,1
73.28163,9.376526,12.21659,2
68.66187,-3.669622,15.2454,2
57.44209,6.712813,12.44504,2
80.94064,5.808202,15.41835,2
71.60756,-31.61106,30.11963,0
98.6785,-12.2558,18.01668,3
85.97684,-14.37204,21.16456,1
70.40332,-33.94371,0.1368789,0
95.61326,-2.031318,0.5475283,3
68.86201,0.7923931,-23.00297,2
94.9515,-1.181508,-16.32873,3
90.48089,-0.9415068,36.43259,1
79.25002,2.373589,2.989776,2
79.58276,-10.27615,17.12389,2
91.67981,0.4051952,1.350048,3
89.1955,-18.14433,16.50818,1
99.94931,5.135851,17.69001,3
101.8059,6.300768,13.61642,3
92.26909,-14.98959,36.37797,1
90.2226,-11.57758,12.0611,3
102.3063,-4.368734,12.46174,3
66.478,-10.94535,14.07585,2
67.11341,-26.28433,2.452839,0
77.4916,3.610511,35.53499,2
82.89616,-32.03748,40.98485,1
110.8069,2.593329,14.51739,3
82.03415,-7.717809,6.574517,2
73.39516,-5.676284,-26.52359,2
81.86445,-26.3747,5.219535,0
70.80775,-5.337604,16.89346,2
90.62127,-12.37059,20.52595,1
84.46925,5.206504,16.31065,2
70.19247,-8.114062,-2.944247,2
72.2781,-3.495904,36.67084,1
102.1899,-21.45896,10.03425,3
100.4478,-4.928883,20.81563,3
101.3455,-13.84749,8.842525,3
84.56573,-22.49303,27.07571,1
91.43029,7.672989,13.6701,3
107.1242,-10.83479,-7.663442,3
83.6918,-15.81634,-0.9972891,0
71.22432,-3.155483,12.32086,2
90.23114,-14.41467,28.37714,1
90.51851,-26.73852,21.18505,1
89.6027,-8.072788,46.04375,1
100.9608,-0.6277962,19.75434,3
92.52785,-23.75687,2.185029,0
103.881,2.183486,18.45013,3
104.7375,-2.804621,20.65303,3
73.21016,-6.635591,11.11227,2
91.79326,-19.7691,1.363352,0
76.17162,-5.918867,16.30214,2
101.9118,-9.806586,-5.953782,3
103.6114,-10.58961,22.24506,3
70.16589,-14.30603,-29.82722,0
108.0919,-19.55605,48.65686,1
98.39326,1.241763,10.52407,3
94.2732,-15.54864,19.77215,3
89.37133,-17.59785,-4.214065,0
107.1434,-9.657439,5.644165,3
103.3299,-0.4734434,-19.02208,3
103.8953,-12.87743,3.996457,3
96.32211,-17.64497,24.25923,1
88.86642,-16.7948,25.67417,1
103.7092,-3.279351,39.09071,1
66.1656,0.4303514,-0.8709446,2
93.71628,-3.250216,10.57844,3
86.79914,-18.33133,30.84922,1
92.4008,4.976401,10.38498,3
87.05775,0.4921653,-1.23149,2
104.7866,1.783441,7.940741,3
93.49908,-13.38259,17.92418,3
99.31206,1.449867,13.98962,3
71.11661,-11.65788,25.21883,1
105.8911,-0.1846588,-22.88203,3
76.04695,-22.37956,40.56548,1
92.81413,-10.29816,18.14648,3
84.19276,-8.937988,18.73605,1
75.40738,2.60746,-1.994081,2
102.0629,-4.64367,34.18233,3
100.57,-6.43326,22.41994,3
